"","X","distance_to_cut_10to40","distance_to_cut_5to9","distance_to_cut_1to4","distance_to_resource_road","HERD_NAME","animal_id","predict_du7","predict_du8","predict_du6"
"1",1,0,5,5,5,"Population","new",0.229629556,0.25118585236677,0.308319011213148
"2",2,1,5,5,5,"Population","new",0.231040675,0.239956208720152,0.312678762845535
"3",3,2,5,5,5,"Population","new",0.232457849,0.229075021233212,0.317071902882017
"4",4,3,5,5,5,"Population","new",0.233881073,0.218545377324223,0.321497895035379
"5",5,4,5,5,5,"Population","new",0.235310338,0.208368919287383,0.325956181244404
"6",6,5,5,5,5,"Population","new",0.236745639,0.198545927894387,0.330446181786781
"7",7,6,5,5,5,"Population","new",0.238186967,0.189075411994974,0.334967295419993
"8",8,7,5,5,5,"Population","new",0.239634316,0.179955202432821,0.339518899550537
"9",9,8,5,5,5,"Population","new",0.241087676,0.171182048697838,0.344100350431745
"10",10,9,5,5,5,"Population","new",0.242547038,0.162751716861421,0.348710983390425
"11",11,10,5,5,5,"Population","new",0.244012395,0.154659087481636,0.353350113082485
"12",12,11,5,5,5,"Population","new",0.245483735,0.146898252314869,0.358017033777625
"13",13,12,5,5,5,"Population","new",0.246961049,0.139462608824317,0.362711019673146
"14",14,13,5,5,5,"Population","new",0.248444326,0.132344951629301,0.367431325236823
"15",15,14,5,5,5,"Population","new",0.249933554,0.125537560189068,0.372177185578755
"16",16,15,5,5,5,"Population","new",0.251428724,0.119032282157604,0.376947816852008
"17",17,16,5,5,5,"Population","new",0.252929821,0.112820611979594,0.381742416681832
"18",18,17,5,5,5,"Population","new",0.254436834,0.106893764420451,0.386560164623119
"19",19,18,5,5,5,"Population","new",0.25594975,0.101242742834165,0.391400222645739
"20",20,19,5,5,5,"Population","new",0.257468556,0.0958584020710607,0.396261735647301
"21",21,20,5,5,5,"Population","new",0.258993237,0.0907315060131908,0.40114383199281
"22",22,21,5,5,5,"Population","new",0.260523779,0.0858527797983552,0.40604562408064
"23",23,22,5,5,5,"Population","new",0.262060167,0.0812129568549737,0.410966208934158
"24",24,23,5,5,5,"Population","new",0.263602386,0.0768028209201018,0.415904668818263
"25",25,24,5,5,5,"Population","new",0.265150419,0.0726132432525246,0.420860071880061
"26",26,25,5,5,5,"Population","new",0.266704251,0.0686352152830888,0.425831472812786
"27",27,26,5,5,5,"Population","new",0.268263865,0.0648598769662367,0.430817913542069
"28",28,27,5,5,5,"Population","new",0.269829243,0.061278541111092,0.435818423933545
"29",29,28,5,5,5,"Population","new",0.271400367,0.0578827139784213,0.440832022520751
"30",30,29,5,5,5,"Population","new",0.27297722,0.0546641124323106,0.445857717252219
"31",31,30,5,5,5,"Population","new",0.274559781,0.0516146779333399,0.450894506256578
"32",32,0,5,5,5,"Itcha-Ilgachuz","new",0.311556379,0.25118585236677,0.308319011213148
"33",33,1,5,5,5,"Itcha-Ilgachuz","new",0.314790318,0.239956208720152,0.312678762845535
"34",34,2,5,5,5,"Itcha-Ilgachuz","new",0.318042317,0.229075021233212,0.317071902882017
"35",35,3,5,5,5,"Itcha-Ilgachuz","new",0.321312158,0.218545377324223,0.321497895035379
"36",36,4,5,5,5,"Itcha-Ilgachuz","new",0.324599616,0.208368919287383,0.325956181244404
"37",37,5,5,5,5,"Itcha-Ilgachuz","new",0.327904457,0.198545927894387,0.330446181786781
"38",38,6,5,5,5,"Itcha-Ilgachuz","new",0.331226446,0.189075411994974,0.334967295419993
"39",39,7,5,5,5,"Itcha-Ilgachuz","new",0.334565335,0.179955202432821,0.339518899550537
"40",40,8,5,5,5,"Itcha-Ilgachuz","new",0.337920876,0.171182048697838,0.344100350431745
"41",41,9,5,5,5,"Itcha-Ilgachuz","new",0.34129281,0.162751716861421,0.348710983390425
"42",42,10,5,5,5,"Itcha-Ilgachuz","new",0.344680875,0.154659087481636,0.353350113082485
"43",43,11,5,5,5,"Itcha-Ilgachuz","new",0.348084799,0.146898252314869,0.358017033777625
"44",44,12,5,5,5,"Itcha-Ilgachuz","new",0.351504309,0.139462608824317,0.362711019673146
"45",45,13,5,5,5,"Itcha-Ilgachuz","new",0.354939121,0.132344951629301,0.367431325236823
"46",46,14,5,5,5,"Itcha-Ilgachuz","new",0.358388949,0.125537560189068,0.372177185578755
"47",47,15,5,5,5,"Itcha-Ilgachuz","new",0.361853498,0.119032282157604,0.376947816852008
"48",48,16,5,5,5,"Itcha-Ilgachuz","new",0.365332468,0.112820611979594,0.381742416681832
"49",49,17,5,5,5,"Itcha-Ilgachuz","new",0.368825554,0.106893764420451,0.386560164623119
"50",50,18,5,5,5,"Itcha-Ilgachuz","new",0.372332446,0.101242742834165,0.391400222645739
"51",51,19,5,5,5,"Itcha-Ilgachuz","new",0.375852826,0.0958584020710607,0.396261735647301
"52",52,20,5,5,5,"Itcha-Ilgachuz","new",0.379386373,0.0907315060131908,0.40114383199281
"53",53,21,5,5,5,"Itcha-Ilgachuz","new",0.382932758,0.0858527797983552,0.40604562408064
"54",54,22,5,5,5,"Itcha-Ilgachuz","new",0.386491648,0.0812129568549737,0.410966208934158
"55",55,23,5,5,5,"Itcha-Ilgachuz","new",0.390062707,0.0768028209201018,0.415904668818263
"56",56,24,5,5,5,"Itcha-Ilgachuz","new",0.39364559,0.0726132432525246,0.420860071880061
"57",57,25,5,5,5,"Itcha-Ilgachuz","new",0.39723995,0.0686352152830888,0.425831472812786
"58",58,26,5,5,5,"Itcha-Ilgachuz","new",0.400845433,0.0648598769662367,0.430817913542069
"59",59,27,5,5,5,"Itcha-Ilgachuz","new",0.404461682,0.061278541111092,0.435818423933545
"60",60,28,5,5,5,"Itcha-Ilgachuz","new",0.408088334,0.0578827139784213,0.440832022520751
"61",61,29,5,5,5,"Itcha-Ilgachuz","new",0.411725024,0.0546641124323106,0.445857717252219
"62",62,30,5,5,5,"Itcha-Ilgachuz","new",0.415371379,0.0516146779333399,0.450894506256578
"63",63,0,5,5,5,"Tweedsmuir","new",0.176124474,0.25118585236677,0.308319011213148
"64",64,1,5,5,5,"Tweedsmuir","new",0.17779226,0.239956208720152,0.312678762845535
"65",65,2,5,5,5,"Tweedsmuir","new",0.179472398,0.229075021233212,0.317071902882017
"66",66,3,5,5,5,"Tweedsmuir","new",0.181164915,0.218545377324223,0.321497895035379
"67",67,4,5,5,5,"Tweedsmuir","new",0.182869837,0.208368919287383,0.325956181244404
"68",68,5,5,5,5,"Tweedsmuir","new",0.184587186,0.198545927894387,0.330446181786781
"69",69,6,5,5,5,"Tweedsmuir","new",0.186316985,0.189075411994974,0.334967295419993
"70",70,7,5,5,5,"Tweedsmuir","new",0.188059256,0.179955202432821,0.339518899550537
"71",71,8,5,5,5,"Tweedsmuir","new",0.189814019,0.171182048697838,0.344100350431745
"72",72,9,5,5,5,"Tweedsmuir","new",0.191581292,0.162751716861421,0.348710983390425
"73",73,10,5,5,5,"Tweedsmuir","new",0.193361092,0.154659087481636,0.353350113082485
"74",74,11,5,5,5,"Tweedsmuir","new",0.195153435,0.146898252314869,0.358017033777625
"75",75,12,5,5,5,"Tweedsmuir","new",0.196958336,0.139462608824317,0.362711019673146
"76",76,13,5,5,5,"Tweedsmuir","new",0.198775806,0.132344951629301,0.367431325236823
"77",77,14,5,5,5,"Tweedsmuir","new",0.200605858,0.125537560189068,0.372177185578755
"78",78,15,5,5,5,"Tweedsmuir","new",0.202448502,0.119032282157604,0.376947816852008
"79",79,16,5,5,5,"Tweedsmuir","new",0.204303745,0.112820611979594,0.381742416681832
"80",80,17,5,5,5,"Tweedsmuir","new",0.206171595,0.106893764420451,0.386560164623119
"81",81,18,5,5,5,"Tweedsmuir","new",0.208052056,0.101242742834165,0.391400222645739
"82",82,19,5,5,5,"Tweedsmuir","new",0.209945133,0.0958584020710607,0.396261735647301
"83",83,20,5,5,5,"Tweedsmuir","new",0.211850827,0.0907315060131908,0.40114383199281
"84",84,21,5,5,5,"Tweedsmuir","new",0.213769139,0.0858527797983552,0.40604562408064
"85",85,22,5,5,5,"Tweedsmuir","new",0.215700067,0.0812129568549737,0.410966208934158
"86",86,23,5,5,5,"Tweedsmuir","new",0.217643609,0.0768028209201018,0.415904668818263
"87",87,24,5,5,5,"Tweedsmuir","new",0.21959976,0.0726132432525246,0.420860071880061
"88",88,25,5,5,5,"Tweedsmuir","new",0.221568513,0.0686352152830888,0.425831472812786
"89",89,26,5,5,5,"Tweedsmuir","new",0.22354986,0.0648598769662367,0.430817913542069
"90",90,27,5,5,5,"Tweedsmuir","new",0.225543791,0.061278541111092,0.435818423933545
"91",91,28,5,5,5,"Tweedsmuir","new",0.227550295,0.0578827139784213,0.440832022520751
"92",92,29,5,5,5,"Tweedsmuir","new",0.229569359,0.0546641124323106,0.445857717252219
"93",93,30,5,5,5,"Tweedsmuir","new",0.231600966,0.0516146779333399,0.450894506256578
"94",94,0,5,5,5,"Graham","new",0.238560905,0.25118585236677,0.308319011213148
"95",95,1,5,5,5,"Graham","new",0.241845231,0.239956208720152,0.312678762845535
"96",96,2,5,5,5,"Graham","new",0.245160215,0.229075021233212,0.317071902882017
"97",97,3,5,5,5,"Graham","new",0.248505743,0.218545377324223,0.321497895035379
"98",98,4,5,5,5,"Graham","new",0.251881692,0.208368919287383,0.325956181244404
"99",99,5,5,5,5,"Graham","new",0.255287923,0.198545927894387,0.330446181786781
"100",100,6,5,5,5,"Graham","new",0.258724287,0.189075411994974,0.334967295419993
"101",101,7,5,5,5,"Graham","new",0.262190621,0.179955202432821,0.339518899550537
"102",102,8,5,5,5,"Graham","new",0.265686752,0.171182048697838,0.344100350431745
"103",103,9,5,5,5,"Graham","new",0.26921249,0.162751716861421,0.348710983390425
"104",104,10,5,5,5,"Graham","new",0.272767637,0.154659087481636,0.353350113082485
"105",105,11,5,5,5,"Graham","new",0.276351978,0.146898252314869,0.358017033777625
"106",106,12,5,5,5,"Graham","new",0.279965287,0.139462608824317,0.362711019673146
"107",107,13,5,5,5,"Graham","new",0.283607325,0.132344951629301,0.367431325236823
"108",108,14,5,5,5,"Graham","new",0.287277838,0.125537560189068,0.372177185578755
"109",109,15,5,5,5,"Graham","new",0.290976561,0.119032282157604,0.376947816852008
"110",110,16,5,5,5,"Graham","new",0.294703215,0.112820611979594,0.381742416681832
"111",111,17,5,5,5,"Graham","new",0.298457506,0.106893764420451,0.386560164623119
"112",112,18,5,5,5,"Graham","new",0.302239129,0.101242742834165,0.391400222645739
"113",113,19,5,5,5,"Graham","new",0.306047764,0.0958584020710607,0.396261735647301
"114",114,20,5,5,5,"Graham","new",0.309883079,0.0907315060131908,0.40114383199281
"115",115,21,5,5,5,"Graham","new",0.313744727,0.0858527797983552,0.40604562408064
"116",116,22,5,5,5,"Graham","new",0.317632348,0.0812129568549737,0.410966208934158
"117",117,23,5,5,5,"Graham","new",0.32154557,0.0768028209201018,0.415904668818263
"118",118,24,5,5,5,"Graham","new",0.325484007,0.0726132432525246,0.420860071880061
"119",119,25,5,5,5,"Graham","new",0.329447259,0.0686352152830888,0.425831472812786
"120",120,26,5,5,5,"Graham","new",0.333434914,0.0648598769662367,0.430817913542069
"121",121,27,5,5,5,"Graham","new",0.337446546,0.061278541111092,0.435818423933545
"122",122,28,5,5,5,"Graham","new",0.341481717,0.0578827139784213,0.440832022520751
"123",123,29,5,5,5,"Graham","new",0.345539976,0.0546641124323106,0.445857717252219
"124",124,30,5,5,5,"Graham","new",0.349620857,0.0516146779333399,0.450894506256578
"125",125,0,5,5,5,"Calendar","new",0.229629556,0.25118585236677,0.389992240027293
"126",126,1,5,5,5,"Calendar","new",0.231040675,0.239956208720152,0.390462433338536
"127",127,2,5,5,5,"Calendar","new",0.232457849,0.229075021233212,0.390932830238751
"128",128,3,5,5,5,"Calendar","new",0.233881073,0.218545377324223,0.391403429941233
"129",129,4,5,5,5,"Calendar","new",0.235310338,0.208368919287383,0.391874231657805
"130",130,5,5,5,5,"Calendar","new",0.236745639,0.198545927894387,0.392345234598826
"131",131,6,5,5,5,"Calendar","new",0.238186967,0.189075411994974,0.392816437973192
"132",132,7,5,5,5,"Calendar","new",0.239634316,0.179955202432821,0.393287840988344
"133",133,8,5,5,5,"Calendar","new",0.241087676,0.171182048697838,0.393759442850271
"134",134,9,5,5,5,"Calendar","new",0.242547038,0.162751716861421,0.394231242763514
"135",135,10,5,5,5,"Calendar","new",0.244012395,0.154659087481636,0.394703239931174
"136",136,11,5,5,5,"Calendar","new",0.245483735,0.146898252314869,0.395175433554914
"137",137,12,5,5,5,"Calendar","new",0.246961049,0.139462608824317,0.395647822834965
"138",138,13,5,5,5,"Calendar","new",0.248444326,0.132344951629301,0.396120406970132
"139",139,14,5,5,5,"Calendar","new",0.249933554,0.125537560189068,0.396593185157794
"140",140,15,5,5,5,"Calendar","new",0.251428724,0.119032282157604,0.397066156593918
"141",141,16,5,5,5,"Calendar","new",0.252929821,0.112820611979594,0.397539320473055
"142",142,17,5,5,5,"Calendar","new",0.254436834,0.106893764420451,0.398012675988349
"143",143,18,5,5,5,"Calendar","new",0.25594975,0.101242742834165,0.398486222331543
"144",144,19,5,5,5,"Calendar","new",0.257468556,0.0958584020710607,0.398959958692983
"145",145,20,5,5,5,"Calendar","new",0.258993237,0.0907315060131908,0.399433884261621
"146",146,21,5,5,5,"Calendar","new",0.260523779,0.0858527797983552,0.399907998225022
"147",147,22,5,5,5,"Calendar","new",0.262060167,0.0812129568549737,0.400382299769373
"148",148,23,5,5,5,"Calendar","new",0.263602386,0.0768028209201018,0.400856788079478
"149",149,24,5,5,5,"Calendar","new",0.265150419,0.0726132432525246,0.401331462338775
"150",150,25,5,5,5,"Calendar","new",0.266704251,0.0686352152830888,0.401806321729331
"151",151,26,5,5,5,"Calendar","new",0.268263865,0.0648598769662367,0.402281365431856
"152",152,27,5,5,5,"Calendar","new",0.269829243,0.061278541111092,0.4027565926257
"153",153,28,5,5,5,"Calendar","new",0.271400367,0.0578827139784213,0.403232002488864
"154",154,29,5,5,5,"Calendar","new",0.27297722,0.0546641124323106,0.403707594198004
"155",155,30,5,5,5,"Calendar","new",0.274559781,0.0516146779333399,0.404183366928435
"156",156,0,5,5,5,"Parker","new",0.229629556,0.25118585236677,0.299173742335978
"157",157,1,5,5,5,"Parker","new",0.231040675,0.239956208720152,0.310604318977868
"158",158,2,5,5,5,"Parker","new",0.232457849,0.229075021233212,0.322270797800232
"159",159,3,5,5,5,"Parker","new",0.233881073,0.218545377324223,0.334163072688133
"160",160,4,5,5,5,"Parker","new",0.235310338,0.208368919287383,0.346269973827412
"161",161,5,5,5,5,"Parker","new",0.236745639,0.198545927894387,0.358579289805072
"162",162,6,5,5,5,"Parker","new",0.238186967,0.189075411994974,0.371077799619301
"163",163,7,5,5,5,"Parker","new",0.239634316,0.179955202432821,0.383751314704215
"164",164,8,5,5,5,"Parker","new",0.241087676,0.171182048697838,0.396584730917768
"165",165,9,5,5,5,"Parker","new",0.242547038,0.162751716861421,0.409562090276437
"166",166,10,5,5,5,"Parker","new",0.244012395,0.154659087481636,0.422666652051117
"167",167,11,5,5,5,"Parker","new",0.245483735,0.146898252314869,0.435880972669321
"168",168,12,5,5,5,"Parker","new",0.246961049,0.139462608824317,0.449186993703767
"169",169,13,5,5,5,"Parker","new",0.248444326,0.132344951629301,0.462566137071289
"170",170,14,5,5,5,"Parker","new",0.249933554,0.125537560189068,0.475999406423247
"171",171,15,5,5,5,"Parker","new",0.251428724,0.119032282157604,0.489467493583482
"172",172,16,5,5,5,"Parker","new",0.252929821,0.112820611979594,0.502950888786101
"173",173,17,5,5,5,"Parker","new",0.254436834,0.106893764420451,0.516429993386396
"174",174,18,5,5,5,"Parker","new",0.25594975,0.101242742834165,0.52988523366624
"175",175,19,5,5,5,"Parker","new",0.257468556,0.0958584020710607,0.543297174332279
"176",176,20,5,5,5,"Parker","new",0.258993237,0.0907315060131908,0.556646630311698
"177",177,21,5,5,5,"Parker","new",0.260523779,0.0858527797983552,0.569914775486174
"178",178,22,5,5,5,"Parker","new",0.262060167,0.0812129568549737,0.583083247068674
"179",179,23,5,5,5,"Parker","new",0.263602386,0.0768028209201018,0.596134244417937
"180",180,24,5,5,5,"Parker","new",0.265150419,0.0726132432525246,0.609050621199025
"181",181,25,5,5,5,"Parker","new",0.266704251,0.0686352152830888,0.621815969931676
"182",182,26,5,5,5,"Parker","new",0.268263865,0.0648598769662367,0.634414698117344
"183",183,27,5,5,5,"Parker","new",0.269829243,0.061278541111092,0.646832095296409
"184",184,28,5,5,5,"Parker","new",0.271400367,0.0578827139784213,0.659054390554502
"185",185,29,5,5,5,"Parker","new",0.27297722,0.0546641124323106,0.671068800166693
"186",186,30,5,5,5,"Parker","new",0.274559781,0.0516146779333399,0.682863565236069
"187",187,0,5,5,5,"Prophet","new",0.229629556,0.25118585236677,0.300516843441951
"188",188,1,5,5,5,"Prophet","new",0.231040675,0.239956208720152,0.30335643365595
"189",189,2,5,5,5,"Prophet","new",0.232457849,0.229075021233212,0.306211109322422
"190",190,3,5,5,5,"Prophet","new",0.233881073,0.218545377324223,0.309080729848213
"191",191,4,5,5,5,"Prophet","new",0.235310338,0.208368919287383,0.311965150437668
"192",192,5,5,5,5,"Prophet","new",0.236745639,0.198545927894387,0.314864222097756
"193",193,6,5,5,5,"Prophet","new",0.238186967,0.189075411994974,0.317777791645462
"194",194,7,5,5,5,"Prophet","new",0.239634316,0.179955202432821,0.320705701717431
"195",195,8,5,5,5,"Prophet","new",0.241087676,0.171182048697838,0.323647790781921
"196",196,9,5,5,5,"Prophet","new",0.242547038,0.162751716861421,0.326603893153072
"197",197,10,5,5,5,"Prophet","new",0.244012395,0.154659087481636,0.329573839007518
"198",198,11,5,5,5,"Prophet","new",0.245483735,0.146898252314869,0.332557454403358
"199",199,12,5,5,5,"Prophet","new",0.246961049,0.139462608824317,0.335554561301511
"200",200,13,5,5,5,"Prophet","new",0.248444326,0.132344951629301,0.338564977589463
"201",201,14,5,5,5,"Prophet","new",0.249933554,0.125537560189068,0.341588517107419
"202",202,15,5,5,5,"Prophet","new",0.251428724,0.119032282157604,0.344624989676879
"203",203,16,5,5,5,"Prophet","new",0.252929821,0.112820611979594,0.34767420113164
"204",204,17,5,5,5,"Prophet","new",0.254436834,0.106893764420451,0.350735953351229
"205",205,18,5,5,5,"Prophet","new",0.25594975,0.101242742834165,0.353810044296787
"206",206,19,5,5,5,"Prophet","new",0.257468556,0.0958584020710607,0.356896268049375
"207",207,20,5,5,5,"Prophet","new",0.258993237,0.0907315060131908,0.359994414850739
"208",208,21,5,5,5,"Prophet","new",0.260523779,0.0858527797983552,0.363104271146503
"209",209,22,5,5,5,"Prophet","new",0.262060167,0.0812129568549737,0.366225619631792
"210",210,23,5,5,5,"Prophet","new",0.263602386,0.0768028209201018,0.369358239299292
"211",211,24,5,5,5,"Prophet","new",0.265150419,0.0726132432525246,0.372501905489705
"212",212,25,5,5,5,"Prophet","new",0.266704251,0.0686352152830888,0.375656389944625
"213",213,26,5,5,5,"Prophet","new",0.268263865,0.0648598769662367,0.378821460861784
"214",214,27,5,5,5,"Prophet","new",0.269829243,0.061278541111092,0.381996882952676
"215",215,28,5,5,5,"Prophet","new",0.271400367,0.0578827139784213,0.385182417502521
"216",216,29,5,5,5,"Prophet","new",0.27297722,0.0546641124323106,0.388377822432557
"217",217,30,5,5,5,"Prophet","new",0.274559781,0.0516146779333399,0.391582852364627
"218",218,0,5,5,5,"Chinchaga","new",0.229629556,0.25118585236677,0.354951316951915
"219",219,1,5,5,5,"Chinchaga","new",0.231040675,0.239956208720152,0.355921001747787
"220",220,2,5,5,5,"Chinchaga","new",0.232457849,0.229075021233212,0.356891869936069
"221",221,3,5,5,5,"Chinchaga","new",0.233881073,0.218545377324223,0.357863914972169
"222",222,4,5,5,5,"Chinchaga","new",0.235310338,0.208368919287383,0.358837130274506
"223",223,5,5,5,5,"Chinchaga","new",0.236745639,0.198545927894387,0.359811509224656
"224",224,6,5,5,5,"Chinchaga","new",0.238186967,0.189075411994974,0.360787045167486
"225",225,7,5,5,5,"Chinchaga","new",0.239634316,0.179955202432821,0.361763731411297
"226",226,8,5,5,5,"Chinchaga","new",0.241087676,0.171182048697838,0.362741561227971
"227",227,9,5,5,5,"Chinchaga","new",0.242547038,0.162751716861421,0.36372052785311
"228",228,10,5,5,5,"Chinchaga","new",0.244012395,0.154659087481636,0.364700624486195
"229",229,11,5,5,5,"Chinchaga","new",0.245483735,0.146898252314869,0.365681844290727
"230",230,12,5,5,5,"Chinchaga","new",0.246961049,0.139462608824317,0.36666418039439
"231",231,13,5,5,5,"Chinchaga","new",0.248444326,0.132344951629301,0.367647625889196
"232",232,14,5,5,5,"Chinchaga","new",0.249933554,0.125537560189068,0.368632173831654
"233",233,15,5,5,5,"Chinchaga","new",0.251428724,0.119032282157604,0.369617817242922
"234",234,16,5,5,5,"Chinchaga","new",0.252929821,0.112820611979594,0.370604549108972
"235",235,17,5,5,5,"Chinchaga","new",0.254436834,0.106893764420451,0.37159236238076
"236",236,18,5,5,5,"Chinchaga","new",0.25594975,0.101242742834165,0.372581249974383
"237",237,19,5,5,5,"Chinchaga","new",0.257468556,0.0958584020710607,0.37357120477126
"238",238,20,5,5,5,"Chinchaga","new",0.258993237,0.0907315060131908,0.374562219618293
"239",239,21,5,5,5,"Chinchaga","new",0.260523779,0.0858527797983552,0.375554287328049
"240",240,22,5,5,5,"Chinchaga","new",0.262060167,0.0812129568549737,0.376547400678934
"241",241,23,5,5,5,"Chinchaga","new",0.263602386,0.0768028209201018,0.377541552415368
"242",242,24,5,5,5,"Chinchaga","new",0.265150419,0.0726132432525246,0.378536735247973
"243",243,25,5,5,5,"Chinchaga","new",0.266704251,0.0686352152830888,0.379532941853749
"244",244,26,5,5,5,"Chinchaga","new",0.268263865,0.0648598769662367,0.380530164876263
"245",245,27,5,5,5,"Chinchaga","new",0.269829243,0.061278541111092,0.381528396925837
"246",246,28,5,5,5,"Chinchaga","new",0.271400367,0.0578827139784213,0.382527630579734
"247",247,29,5,5,5,"Chinchaga","new",0.27297722,0.0546641124323106,0.383527858382357
"248",248,30,5,5,5,"Chinchaga","new",0.274559781,0.0516146779333399,0.384529072845436
"249",249,0,5,5,5,"Snake-Sahtaneh","new",0.229629556,0.25118585236677,0.247746171956192
"250",250,1,5,5,5,"Snake-Sahtaneh","new",0.231040675,0.239956208720152,0.251584539741819
"251",251,2,5,5,5,"Snake-Sahtaneh","new",0.232457849,0.229075021233212,0.255462180710119
"252",252,3,5,5,5,"Snake-Sahtaneh","new",0.233881073,0.218545377324223,0.259378874268378
"253",253,4,5,5,5,"Snake-Sahtaneh","new",0.235310338,0.208368919287383,0.263334378799852
"254",254,5,5,5,5,"Snake-Sahtaneh","new",0.236745639,0.198545927894387,0.267328431422427
"255",255,6,5,5,5,"Snake-Sahtaneh","new",0.238186967,0.189075411994974,0.271360747766143
"256",256,7,5,5,5,"Snake-Sahtaneh","new",0.239634316,0.179955202432821,0.275431021770483
"257",257,8,5,5,5,"Snake-Sahtaneh","new",0.241087676,0.171182048697838,0.279538925502284
"258",258,9,5,5,5,"Snake-Sahtaneh","new",0.242547038,0.162751716861421,0.283684108995127
"259",259,10,5,5,5,"Snake-Sahtaneh","new",0.244012395,0.154659087481636,0.287866200111028
"260",260,11,5,5,5,"Snake-Sahtaneh","new",0.245483735,0.146898252314869,0.29208480442525
"261",261,12,5,5,5,"Snake-Sahtaneh","new",0.246961049,0.139462608824317,0.29633950513499
"262",262,13,5,5,5,"Snake-Sahtaneh","new",0.248444326,0.132344951629301,0.300629862992717
"263",263,14,5,5,5,"Snake-Sahtaneh","new",0.249933554,0.125537560189068,0.304955416264846
"264",264,15,5,5,5,"Snake-Sahtaneh","new",0.251428724,0.119032282157604,0.309315680716445
"265",265,16,5,5,5,"Snake-Sahtaneh","new",0.252929821,0.112820611979594,0.313710149622591
"266",266,17,5,5,5,"Snake-Sahtaneh","new",0.254436834,0.106893764420451,0.318138293806991
"267",267,18,5,5,5,"Snake-Sahtaneh","new",0.25594975,0.101242742834165,0.322599561708395
"268",268,19,5,5,5,"Snake-Sahtaneh","new",0.257468556,0.0958584020710607,0.327093379475302
"269",269,20,5,5,5,"Snake-Sahtaneh","new",0.258993237,0.0907315060131908,0.331619151089421
"270",270,21,5,5,5,"Snake-Sahtaneh","new",0.260523779,0.0858527797983552,0.336176258518246
"271",271,22,5,5,5,"Snake-Sahtaneh","new",0.262060167,0.0812129568549737,0.34076406189712
"272",272,23,5,5,5,"Snake-Sahtaneh","new",0.263602386,0.0768028209201018,0.345381899741021
"273",273,24,5,5,5,"Snake-Sahtaneh","new",0.265150419,0.0726132432525246,0.35002908918631
"274",274,25,5,5,5,"Snake-Sahtaneh","new",0.266704251,0.0686352152830888,0.354704926262584
"275",275,26,5,5,5,"Snake-Sahtaneh","new",0.268263865,0.0648598769662367,0.359408686194702
"276",276,27,5,5,5,"Snake-Sahtaneh","new",0.269829243,0.061278541111092,0.364139623735012
"277",277,28,5,5,5,"Snake-Sahtaneh","new",0.271400367,0.0578827139784213,0.368896973525723
"278",278,29,5,5,5,"Snake-Sahtaneh","new",0.27297722,0.0546641124323106,0.373679950491281
"279",279,30,5,5,5,"Snake-Sahtaneh","new",0.274559781,0.0516146779333399,0.378487750260569
"280",280,0,5,5,5,"Maxhamish","new",0.229629556,0.25118585236677,0.265133415561976
"281",281,1,5,5,5,"Maxhamish","new",0.231040675,0.239956208720152,0.270290140268201
"282",282,2,5,5,5,"Maxhamish","new",0.232457849,0.229075021233212,0.275509558874985
"283",283,3,5,5,5,"Maxhamish","new",0.233881073,0.218545377324223,0.280790983195117
"284",284,4,5,5,5,"Maxhamish","new",0.235310338,0.208368919287383,0.286133665191015
"285",285,5,5,5,5,"Maxhamish","new",0.236745639,0.198545927894387,0.291536796505612
"286",286,6,5,5,5,"Maxhamish","new",0.238186967,0.189075411994974,0.296999508097742
"287",287,7,5,5,5,"Maxhamish","new",0.239634316,0.179955202432821,0.302520869986433
"288",288,8,5,5,5,"Maxhamish","new",0.241087676,0.171182048697838,0.308099891108252
"289",289,9,5,5,5,"Maxhamish","new",0.242547038,0.162751716861421,0.313735519291568
"290",290,10,5,5,5,"Maxhamish","new",0.244012395,0.154659087481636,0.319426641351331
"291",291,11,5,5,5,"Maxhamish","new",0.245483735,0.146898252314869,0.325172083307601
"292",292,12,5,5,5,"Maxhamish","new",0.246961049,0.139462608824317,0.330970610730732
"293",293,13,5,5,5,"Maxhamish","new",0.248444326,0.132344951629301,0.336820929215718
"294",294,14,5,5,5,"Maxhamish","new",0.249933554,0.125537560189068,0.342721684987816
"295",295,15,5,5,5,"Maxhamish","new",0.251428724,0.119032282157604,0.348671465641106
"296",296,16,5,5,5,"Maxhamish","new",0.252929821,0.112820611979594,0.35466880101121
"297",297,17,5,5,5,"Maxhamish","new",0.254436834,0.106893764420451,0.360712164182909
"298",298,18,5,5,5,"Maxhamish","new",0.25594975,0.101242742834165,0.366799972632914
"299",299,19,5,5,5,"Maxhamish","new",0.257468556,0.0958584020710607,0.372930589507516
"300",300,20,5,5,5,"Maxhamish","new",0.258993237,0.0907315060131908,0.379102325034335
"301",301,21,5,5,5,"Maxhamish","new",0.260523779,0.0858527797983552,0.385313438066854
"302",302,22,5,5,5,"Maxhamish","new",0.262060167,0.0812129568549737,0.39156213775986
"303",303,23,5,5,5,"Maxhamish","new",0.263602386,0.0768028209201018,0.397846585373409
"304",304,24,5,5,5,"Maxhamish","new",0.265150419,0.0726132432525246,0.404164896202345
"305",305,25,5,5,5,"Maxhamish","new",0.266704251,0.0686352152830888,0.410515141627873
"306",306,26,5,5,5,"Maxhamish","new",0.268263865,0.0648598769662367,0.416895351287173
"307",307,27,5,5,5,"Maxhamish","new",0.269829243,0.061278541111092,0.423303515356456
"308",308,28,5,5,5,"Maxhamish","new",0.271400367,0.0578827139784213,0.429737586942407
"309",309,29,5,5,5,"Maxhamish","new",0.27297722,0.0546641124323106,0.436195484576416
"310",310,30,5,5,5,"Maxhamish","new",0.274559781,0.0516146779333399,0.442675094805545
"311",311,0,5,5,5,"Rainbows","new",0.323803255,0.25118585236677,0.308319011213148
"312",312,1,5,5,5,"Rainbows","new",0.338020003,0.239956208720152,0.312678762845535
"313",313,2,5,5,5,"Rainbows","new",0.35253552,0.229075021233212,0.317071902882017
"314",314,3,5,5,5,"Rainbows","new",0.367328489,0.218545377324223,0.321497895035379
"315",315,4,5,5,5,"Rainbows","new",0.382375604,0.208368919287383,0.325956181244404
"316",316,5,5,5,5,"Rainbows","new",0.397651689,0.198545927894387,0.330446181786781
"317",317,6,5,5,5,"Rainbows","new",0.413129838,0.189075411994974,0.334967295419993
"318",318,7,5,5,5,"Rainbows","new",0.42878159,0.179955202432821,0.339518899550537
"319",319,8,5,5,5,"Rainbows","new",0.444577115,0.171182048697838,0.344100350431745
"320",320,9,5,5,5,"Rainbows","new",0.46048544,0.162751716861421,0.348710983390425
"321",321,10,5,5,5,"Rainbows","new",0.476474679,0.154659087481636,0.353350113082485
"322",322,11,5,5,5,"Rainbows","new",0.492512285,0.146898252314869,0.358017033777625
"323",323,12,5,5,5,"Rainbows","new",0.508565316,0.139462608824317,0.362711019673146
"324",324,13,5,5,5,"Rainbows","new",0.524600703,0.132344951629301,0.367431325236823
"325",325,14,5,5,5,"Rainbows","new",0.540585522,0.125537560189068,0.372177185578755
"326",326,15,5,5,5,"Rainbows","new",0.556487264,0.119032282157604,0.376947816852008
"327",327,16,5,5,5,"Rainbows","new",0.572274095,0.112820611979594,0.381742416681832
"328",328,17,5,5,5,"Rainbows","new",0.587915111,0.106893764420451,0.386560164623119
"329",329,18,5,5,5,"Rainbows","new",0.603380569,0.101242742834165,0.391400222645739
"330",330,19,5,5,5,"Rainbows","new",0.618642105,0.0958584020710607,0.396261735647301
"331",331,20,5,5,5,"Rainbows","new",0.633672925,0.0907315060131908,0.40114383199281
"332",332,21,5,5,5,"Rainbows","new",0.648447974,0.0858527797983552,0.40604562408064
"333",333,22,5,5,5,"Rainbows","new",0.662944078,0.0812129568549737,0.410966208934158
"334",334,23,5,5,5,"Rainbows","new",0.677140053,0.0768028209201018,0.415904668818263
"335",335,24,5,5,5,"Rainbows","new",0.691016797,0.0726132432525246,0.420860071880061
"336",336,25,5,5,5,"Rainbows","new",0.704557337,0.0686352152830888,0.425831472812786
"337",337,26,5,5,5,"Rainbows","new",0.717746866,0.0648598769662367,0.430817913542069
"338",338,27,5,5,5,"Rainbows","new",0.730572742,0.061278541111092,0.435818423933545
"339",339,28,5,5,5,"Rainbows","new",0.743024464,0.0578827139784213,0.440832022520751
"340",340,29,5,5,5,"Rainbows","new",0.755093633,0.0546641124323106,0.445857717252219
"341",341,30,5,5,5,"Rainbows","new",0.766773884,0.0516146779333399,0.450894506256578
"342",342,0,5,5,5,"Charlotte Alplands","new",0.503899853,0.25118585236677,0.308319011213148
"343",343,1,5,5,5,"Charlotte Alplands","new",0.493976973,0.239956208720152,0.312678762845535
"344",344,2,5,5,5,"Charlotte Alplands","new",0.484058836,0.229075021233212,0.317071902882017
"345",345,3,5,5,5,"Charlotte Alplands","new",0.47415324,0.218545377324223,0.321497895035379
"346",346,4,5,5,5,"Charlotte Alplands","new",0.464267947,0.208368919287383,0.325956181244404
"347",347,5,5,5,5,"Charlotte Alplands","new",0.45441065,0.198545927894387,0.330446181786781
"348",348,6,5,5,5,"Charlotte Alplands","new",0.44458896,0.189075411994974,0.334967295419993
"349",349,7,5,5,5,"Charlotte Alplands","new",0.434810373,0.179955202432821,0.339518899550537
"350",350,8,5,5,5,"Charlotte Alplands","new",0.425082255,0.171182048697838,0.344100350431745
"351",351,9,5,5,5,"Charlotte Alplands","new",0.415411815,0.162751716861421,0.348710983390425
"352",352,10,5,5,5,"Charlotte Alplands","new",0.405806087,0.154659087481636,0.353350113082485
"353",353,11,5,5,5,"Charlotte Alplands","new",0.396271911,0.146898252314869,0.358017033777625
"354",354,12,5,5,5,"Charlotte Alplands","new",0.386815913,0.139462608824317,0.362711019673146
"355",355,13,5,5,5,"Charlotte Alplands","new",0.377444487,0.132344951629301,0.367431325236823
"356",356,14,5,5,5,"Charlotte Alplands","new",0.368163785,0.125537560189068,0.372177185578755
"357",357,15,5,5,5,"Charlotte Alplands","new",0.358979696,0.119032282157604,0.376947816852008
"358",358,16,5,5,5,"Charlotte Alplands","new",0.349897838,0.112820611979594,0.381742416681832
"359",359,17,5,5,5,"Charlotte Alplands","new",0.340923544,0.106893764420451,0.386560164623119
"360",360,18,5,5,5,"Charlotte Alplands","new",0.332061856,0.101242742834165,0.391400222645739
"361",361,19,5,5,5,"Charlotte Alplands","new",0.323317513,0.0958584020710607,0.396261735647301
"362",362,20,5,5,5,"Charlotte Alplands","new",0.31469495,0.0907315060131908,0.40114383199281
"363",363,21,5,5,5,"Charlotte Alplands","new",0.306198288,0.0858527797983552,0.40604562408064
"364",364,22,5,5,5,"Charlotte Alplands","new",0.297831333,0.0812129568549737,0.410966208934158
"365",365,23,5,5,5,"Charlotte Alplands","new",0.289597575,0.0768028209201018,0.415904668818263
"366",366,24,5,5,5,"Charlotte Alplands","new",0.28150019,0.0726132432525246,0.420860071880061
"367",367,25,5,5,5,"Charlotte Alplands","new",0.273542035,0.0686352152830888,0.425831472812786
"368",368,26,5,5,5,"Charlotte Alplands","new",0.265725655,0.0648598769662367,0.430817913542069
"369",369,27,5,5,5,"Charlotte Alplands","new",0.258053287,0.061278541111092,0.435818423933545
"370",370,28,5,5,5,"Charlotte Alplands","new",0.250526863,0.0578827139784213,0.440832022520751
"371",371,29,5,5,5,"Charlotte Alplands","new",0.243148016,0.0546641124323106,0.445857717252219
"372",372,30,5,5,5,"Charlotte Alplands","new",0.23591809,0.0516146779333399,0.450894506256578
"373",373,0,5,5,5,"Spatsizi","new",0.16230986,0.25118585236677,0.308319011213148
"374",374,1,5,5,5,"Spatsizi","new",0.164833287,0.239956208720152,0.312678762845535
"375",375,2,5,5,5,"Spatsizi","new",0.167388105,0.229075021233212,0.317071902882017
"376",376,3,5,5,5,"Spatsizi","new",0.169974463,0.218545377324223,0.321497895035379
"377",377,4,5,5,5,"Spatsizi","new",0.1725925,0.208368919287383,0.325956181244404
"378",378,5,5,5,5,"Spatsizi","new",0.175242347,0.198545927894387,0.330446181786781
"379",379,6,5,5,5,"Spatsizi","new",0.177924129,0.189075411994974,0.334967295419993
"380",380,7,5,5,5,"Spatsizi","new",0.180637963,0.179955202432821,0.339518899550537
"381",381,8,5,5,5,"Spatsizi","new",0.183383956,0.171182048697838,0.344100350431745
"382",382,9,5,5,5,"Spatsizi","new",0.186162209,0.162751716861421,0.348710983390425
"383",383,10,5,5,5,"Spatsizi","new",0.188972812,0.154659087481636,0.353350113082485
"384",384,11,5,5,5,"Spatsizi","new",0.191815847,0.146898252314869,0.358017033777625
"385",385,12,5,5,5,"Spatsizi","new",0.194691387,0.139462608824317,0.362711019673146
"386",386,13,5,5,5,"Spatsizi","new",0.197599494,0.132344951629301,0.367431325236823
"387",387,14,5,5,5,"Spatsizi","new",0.200540223,0.125537560189068,0.372177185578755
"388",388,15,5,5,5,"Spatsizi","new",0.203513617,0.119032282157604,0.376947816852008
"389",389,16,5,5,5,"Spatsizi","new",0.206519708,0.112820611979594,0.381742416681832
"390",390,17,5,5,5,"Spatsizi","new",0.20955852,0.106893764420451,0.386560164623119
"391",391,18,5,5,5,"Spatsizi","new",0.212630063,0.101242742834165,0.391400222645739
"392",392,19,5,5,5,"Spatsizi","new",0.21573434,0.0958584020710607,0.396261735647301
"393",393,20,5,5,5,"Spatsizi","new",0.218871339,0.0907315060131908,0.40114383199281
"394",394,21,5,5,5,"Spatsizi","new",0.222041039,0.0858527797983552,0.40604562408064
"395",395,22,5,5,5,"Spatsizi","new",0.225243406,0.0812129568549737,0.410966208934158
"396",396,23,5,5,5,"Spatsizi","new",0.228478394,0.0768028209201018,0.415904668818263
"397",397,24,5,5,5,"Spatsizi","new",0.231745947,0.0726132432525246,0.420860071880061
"398",398,25,5,5,5,"Spatsizi","new",0.235045993,0.0686352152830888,0.425831472812786
"399",399,26,5,5,5,"Spatsizi","new",0.23837845,0.0648598769662367,0.430817913542069
"400",400,27,5,5,5,"Spatsizi","new",0.241743224,0.061278541111092,0.435818423933545
"401",401,28,5,5,5,"Spatsizi","new",0.245140205,0.0578827139784213,0.440832022520751
"402",402,29,5,5,5,"Spatsizi","new",0.248569273,0.0546641124323106,0.445857717252219
"403",403,30,5,5,5,"Spatsizi","new",0.252030292,0.0516146779333399,0.450894506256578
"404",404,0,5,5,5,"Pink Mountain","new",0.15309959,0.25118585236677,0.308319011213148
"405",405,1,5,5,5,"Pink Mountain","new",0.149865995,0.239956208720152,0.312678762845535
"406",406,2,5,5,5,"Pink Mountain","new",0.146688866,0.229075021233212,0.317071902882017
"407",407,3,5,5,5,"Pink Mountain","new",0.143567717,0.218545377324223,0.321497895035379
"408",408,4,5,5,5,"Pink Mountain","new",0.140502044,0.208368919287383,0.325956181244404
"409",409,5,5,5,5,"Pink Mountain","new",0.137491324,0.198545927894387,0.330446181786781
"410",410,6,5,5,5,"Pink Mountain","new",0.13453502,0.189075411994974,0.334967295419993
"411",411,7,5,5,5,"Pink Mountain","new",0.131632581,0.179955202432821,0.339518899550537
"412",412,8,5,5,5,"Pink Mountain","new",0.128783441,0.171182048697838,0.344100350431745
"413",413,9,5,5,5,"Pink Mountain","new",0.125987022,0.162751716861421,0.348710983390425
"414",414,10,5,5,5,"Pink Mountain","new",0.123242735,0.154659087481636,0.353350113082485
"415",415,11,5,5,5,"Pink Mountain","new",0.120549981,0.146898252314869,0.358017033777625
"416",416,12,5,5,5,"Pink Mountain","new",0.117908149,0.139462608824317,0.362711019673146
"417",417,13,5,5,5,"Pink Mountain","new",0.11531662,0.132344951629301,0.367431325236823
"418",418,14,5,5,5,"Pink Mountain","new",0.11277477,0.125537560189068,0.372177185578755
"419",419,15,5,5,5,"Pink Mountain","new",0.110281963,0.119032282157604,0.376947816852008
"420",420,16,5,5,5,"Pink Mountain","new",0.10783756,0.112820611979594,0.381742416681832
"421",421,17,5,5,5,"Pink Mountain","new",0.105440917,0.106893764420451,0.386560164623119
"422",422,18,5,5,5,"Pink Mountain","new",0.103091384,0.101242742834165,0.391400222645739
"423",423,19,5,5,5,"Pink Mountain","new",0.100788306,0.0958584020710607,0.396261735647301
"424",424,20,5,5,5,"Pink Mountain","new",0.098531027,0.0907315060131908,0.40114383199281
"425",425,21,5,5,5,"Pink Mountain","new",0.096318888,0.0858527797983552,0.40604562408064
"426",426,22,5,5,5,"Pink Mountain","new",0.094151227,0.0812129568549737,0.410966208934158
"427",427,23,5,5,5,"Pink Mountain","new",0.092027381,0.0768028209201018,0.415904668818263
"428",428,24,5,5,5,"Pink Mountain","new",0.089946687,0.0726132432525246,0.420860071880061
"429",429,25,5,5,5,"Pink Mountain","new",0.087908482,0.0686352152830888,0.425831472812786
"430",430,26,5,5,5,"Pink Mountain","new",0.085912103,0.0648598769662367,0.430817913542069
"431",431,27,5,5,5,"Pink Mountain","new",0.083956888,0.061278541111092,0.435818423933545
"432",432,28,5,5,5,"Pink Mountain","new",0.082042176,0.0578827139784213,0.440832022520751
"433",433,29,5,5,5,"Pink Mountain","new",0.08016731,0.0546641124323106,0.445857717252219
"434",434,30,5,5,5,"Pink Mountain","new",0.078331633,0.0516146779333399,0.450894506256578
"435",435,0,5,5,5,"Muskwa","new",0.051690288,0.25118585236677,0.308319011213148
"436",436,1,5,5,5,"Muskwa","new",0.052253837,0.239956208720152,0.312678762845535
"437",437,2,5,5,5,"Muskwa","new",0.052823188,0.229075021233212,0.317071902882017
"438",438,3,5,5,5,"Muskwa","new",0.053398394,0.218545377324223,0.321497895035379
"439",439,4,5,5,5,"Muskwa","new",0.053979505,0.208368919287383,0.325956181244404
"440",440,5,5,5,5,"Muskwa","new",0.054566577,0.198545927894387,0.330446181786781
"441",441,6,5,5,5,"Muskwa","new",0.05515966,0.189075411994974,0.334967295419993
"442",442,7,5,5,5,"Muskwa","new",0.05575881,0.179955202432821,0.339518899550537
"443",443,8,5,5,5,"Muskwa","new",0.05636408,0.171182048697838,0.344100350431745
"444",444,9,5,5,5,"Muskwa","new",0.056975524,0.162751716861421,0.348710983390425
"445",445,10,5,5,5,"Muskwa","new",0.057593195,0.154659087481636,0.353350113082485
"446",446,11,5,5,5,"Muskwa","new",0.05821715,0.146898252314869,0.358017033777625
"447",447,12,5,5,5,"Muskwa","new",0.058847442,0.139462608824317,0.362711019673146
"448",448,13,5,5,5,"Muskwa","new",0.059484127,0.132344951629301,0.367431325236823
"449",449,14,5,5,5,"Muskwa","new",0.06012726,0.125537560189068,0.372177185578755
"450",450,15,5,5,5,"Muskwa","new",0.060776898,0.119032282157604,0.376947816852008
"451",451,16,5,5,5,"Muskwa","new",0.061433096,0.112820611979594,0.381742416681832
"452",452,17,5,5,5,"Muskwa","new",0.06209591,0.106893764420451,0.386560164623119
"453",453,18,5,5,5,"Muskwa","new",0.062765397,0.101242742834165,0.391400222645739
"454",454,19,5,5,5,"Muskwa","new",0.063441614,0.0958584020710607,0.396261735647301
"455",455,20,5,5,5,"Muskwa","new",0.064124618,0.0907315060131908,0.40114383199281
"456",456,21,5,5,5,"Muskwa","new",0.064814466,0.0858527797983552,0.40604562408064
"457",457,22,5,5,5,"Muskwa","new",0.065511216,0.0812129568549737,0.410966208934158
"458",458,23,5,5,5,"Muskwa","new",0.066214926,0.0768028209201018,0.415904668818263
"459",459,24,5,5,5,"Muskwa","new",0.066925653,0.0726132432525246,0.420860071880061
"460",460,25,5,5,5,"Muskwa","new",0.067643457,0.0686352152830888,0.425831472812786
"461",461,26,5,5,5,"Muskwa","new",0.068368395,0.0648598769662367,0.430817913542069
"462",462,27,5,5,5,"Muskwa","new",0.069100527,0.061278541111092,0.435818423933545
"463",463,28,5,5,5,"Muskwa","new",0.069839911,0.0578827139784213,0.440832022520751
"464",464,29,5,5,5,"Muskwa","new",0.070586606,0.0546641124323106,0.445857717252219
"465",465,30,5,5,5,"Muskwa","new",0.071340673,0.0516146779333399,0.450894506256578
"466",466,0,5,5,5,"Frog","new",0.247515175,0.25118585236677,0.308319011213148
"467",467,1,5,5,5,"Frog","new",0.245909243,0.239956208720152,0.312678762845535
"468",468,2,5,5,5,"Frog","new",0.244310348,0.229075021233212,0.317071902882017
"469",469,3,5,5,5,"Frog","new",0.242718503,0.218545377324223,0.321497895035379
"470",470,4,5,5,5,"Frog","new",0.24113372,0.208368919287383,0.325956181244404
"471",471,5,5,5,5,"Frog","new",0.239556012,0.198545927894387,0.330446181786781
"472",472,6,5,5,5,"Frog","new",0.237985389,0.189075411994974,0.334967295419993
"473",473,7,5,5,5,"Frog","new",0.236421862,0.179955202432821,0.339518899550537
"474",474,8,5,5,5,"Frog","new",0.234865441,0.171182048697838,0.344100350431745
"475",475,9,5,5,5,"Frog","new",0.233316135,0.162751716861421,0.348710983390425
"476",476,10,5,5,5,"Frog","new",0.231773954,0.154659087481636,0.353350113082485
"477",477,11,5,5,5,"Frog","new",0.230238905,0.146898252314869,0.358017033777625
"478",478,12,5,5,5,"Frog","new",0.228710996,0.139462608824317,0.362711019673146
"479",479,13,5,5,5,"Frog","new",0.227190234,0.132344951629301,0.367431325236823
"480",480,14,5,5,5,"Frog","new",0.225676625,0.125537560189068,0.372177185578755
"481",481,15,5,5,5,"Frog","new",0.224170175,0.119032282157604,0.376947816852008
"482",482,16,5,5,5,"Frog","new",0.22267089,0.112820611979594,0.381742416681832
"483",483,17,5,5,5,"Frog","new",0.221178773,0.106893764420451,0.386560164623119
"484",484,18,5,5,5,"Frog","new",0.219693829,0.101242742834165,0.391400222645739
"485",485,19,5,5,5,"Frog","new",0.218216061,0.0958584020710607,0.396261735647301
"486",486,20,5,5,5,"Frog","new",0.216745472,0.0907315060131908,0.40114383199281
"487",487,21,5,5,5,"Frog","new",0.215282065,0.0858527797983552,0.40604562408064
"488",488,22,5,5,5,"Frog","new",0.213825841,0.0812129568549737,0.410966208934158
"489",489,23,5,5,5,"Frog","new",0.212376801,0.0768028209201018,0.415904668818263
"490",490,24,5,5,5,"Frog","new",0.210934946,0.0726132432525246,0.420860071880061
"491",491,25,5,5,5,"Frog","new",0.209500277,0.0686352152830888,0.425831472812786
"492",492,26,5,5,5,"Frog","new",0.208072792,0.0648598769662367,0.430817913542069
"493",493,27,5,5,5,"Frog","new",0.206652491,0.061278541111092,0.435818423933545
"494",494,28,5,5,5,"Frog","new",0.205239372,0.0578827139784213,0.440832022520751
"495",495,29,5,5,5,"Frog","new",0.203833434,0.0546641124323106,0.445857717252219
"496",496,30,5,5,5,"Frog","new",0.202434674,0.0516146779333399,0.450894506256578
"497",497,0,5,5,5,"Chase","new",0.27244654,0.25118585236677,0.308319011213148
"498",498,1,5,5,5,"Chase","new",0.273193402,0.239956208720152,0.312678762845535
"499",499,2,5,5,5,"Chase","new",0.27394154,0.229075021233212,0.317071902882017
"500",500,3,5,5,5,"Chase","new",0.274690953,0.218545377324223,0.321497895035379
"501",501,4,5,5,5,"Chase","new",0.275441638,0.208368919287383,0.325956181244404
"502",502,5,5,5,5,"Chase","new",0.276193593,0.198545927894387,0.330446181786781
"503",503,6,5,5,5,"Chase","new",0.276946816,0.189075411994974,0.334967295419993
"504",504,7,5,5,5,"Chase","new",0.277701306,0.179955202432821,0.339518899550537
"505",505,8,5,5,5,"Chase","new",0.278457059,0.171182048697838,0.344100350431745
"506",506,9,5,5,5,"Chase","new",0.279214074,0.162751716861421,0.348710983390425
"507",507,10,5,5,5,"Chase","new",0.279972349,0.154659087481636,0.353350113082485
"508",508,11,5,5,5,"Chase","new",0.280731881,0.146898252314869,0.358017033777625
"509",509,12,5,5,5,"Chase","new",0.281492667,0.139462608824317,0.362711019673146
"510",510,13,5,5,5,"Chase","new",0.282254707,0.132344951629301,0.367431325236823
"511",511,14,5,5,5,"Chase","new",0.283017997,0.125537560189068,0.372177185578755
"512",512,15,5,5,5,"Chase","new",0.283782534,0.119032282157604,0.376947816852008
"513",513,16,5,5,5,"Chase","new",0.284548318,0.112820611979594,0.381742416681832
"514",514,17,5,5,5,"Chase","new",0.285315345,0.106893764420451,0.386560164623119
"515",515,18,5,5,5,"Chase","new",0.286083612,0.101242742834165,0.391400222645739
"516",516,19,5,5,5,"Chase","new",0.286853118,0.0958584020710607,0.396261735647301
"517",517,20,5,5,5,"Chase","new",0.28762386,0.0907315060131908,0.40114383199281
"518",518,21,5,5,5,"Chase","new",0.288395835,0.0858527797983552,0.40604562408064
"519",519,22,5,5,5,"Chase","new",0.289169041,0.0812129568549737,0.410966208934158
"520",520,23,5,5,5,"Chase","new",0.289943476,0.0768028209201018,0.415904668818263
"521",521,24,5,5,5,"Chase","new",0.290719136,0.0726132432525246,0.420860071880061
"522",522,25,5,5,5,"Chase","new",0.29149602,0.0686352152830888,0.425831472812786
"523",523,26,5,5,5,"Chase","new",0.292274124,0.0648598769662367,0.430817913542069
"524",524,27,5,5,5,"Chase","new",0.293053446,0.061278541111092,0.435818423933545
"525",525,28,5,5,5,"Chase","new",0.293833983,0.0578827139784213,0.440832022520751
"526",526,29,5,5,5,"Chase","new",0.294615733,0.0546641124323106,0.445857717252219
"527",527,30,5,5,5,"Chase","new",0.295398692,0.0516146779333399,0.450894506256578
"528",528,0,5,5,5,"Finlay","new",0.319913721,0.25118585236677,0.308319011213148
"529",529,1,5,5,5,"Finlay","new",0.317680882,0.239956208720152,0.312678762845535
"530",530,2,5,5,5,"Finlay","new",0.315456398,0.229075021233212,0.317071902882017
"531",531,3,5,5,5,"Finlay","new",0.31324034,0.218545377324223,0.321497895035379
"532",532,4,5,5,5,"Finlay","new",0.311032777,0.208368919287383,0.325956181244404
"533",533,5,5,5,5,"Finlay","new",0.308833774,0.198545927894387,0.330446181786781
"534",534,6,5,5,5,"Finlay","new",0.306643399,0.189075411994974,0.334967295419993
"535",535,7,5,5,5,"Finlay","new",0.304461716,0.179955202432821,0.339518899550537
"536",536,8,5,5,5,"Finlay","new",0.302288788,0.171182048697838,0.344100350431745
"537",537,9,5,5,5,"Finlay","new",0.300124676,0.162751716861421,0.348710983390425
"538",538,10,5,5,5,"Finlay","new",0.297969441,0.154659087481636,0.353350113082485
"539",539,11,5,5,5,"Finlay","new",0.29582314,0.146898252314869,0.358017033777625
"540",540,12,5,5,5,"Finlay","new",0.293685833,0.139462608824317,0.362711019673146
"541",541,13,5,5,5,"Finlay","new",0.291557573,0.132344951629301,0.367431325236823
"542",542,14,5,5,5,"Finlay","new",0.289438417,0.125537560189068,0.372177185578755
"543",543,15,5,5,5,"Finlay","new",0.287328416,0.119032282157604,0.376947816852008
"544",544,16,5,5,5,"Finlay","new",0.285227622,0.112820611979594,0.381742416681832
"545",545,17,5,5,5,"Finlay","new",0.283136087,0.106893764420451,0.386560164623119
"546",546,18,5,5,5,"Finlay","new",0.281053857,0.101242742834165,0.391400222645739
"547",547,19,5,5,5,"Finlay","new",0.278980981,0.0958584020710607,0.396261735647301
"548",548,20,5,5,5,"Finlay","new",0.276917505,0.0907315060131908,0.40114383199281
"549",549,21,5,5,5,"Finlay","new",0.274863473,0.0858527797983552,0.40604562408064
"550",550,22,5,5,5,"Finlay","new",0.272818929,0.0812129568549737,0.410966208934158
"551",551,23,5,5,5,"Finlay","new",0.270783913,0.0768028209201018,0.415904668818263
"552",552,24,5,5,5,"Finlay","new",0.268758467,0.0726132432525246,0.420860071880061
"553",553,25,5,5,5,"Finlay","new",0.266742629,0.0686352152830888,0.425831472812786
"554",554,26,5,5,5,"Finlay","new",0.264736437,0.0648598769662367,0.430817913542069
"555",555,27,5,5,5,"Finlay","new",0.262739927,0.061278541111092,0.435818423933545
"556",556,28,5,5,5,"Finlay","new",0.260753134,0.0578827139784213,0.440832022520751
"557",557,29,5,5,5,"Finlay","new",0.258776092,0.0546641124323106,0.445857717252219
"558",558,30,5,5,5,"Finlay","new",0.256808832,0.0516146779333399,0.450894506256578
"559",559,0,5,5,5,"Tsenaglode","new",0.230574705,0.25118585236677,0.308319011213148
"560",560,1,5,5,5,"Tsenaglode","new",0.229949522,0.239956208720152,0.312678762845535
"561",561,2,5,5,5,"Tsenaglode","new",0.229325529,0.229075021233212,0.317071902882017
"562",562,3,5,5,5,"Tsenaglode","new",0.228702726,0.218545377324223,0.321497895035379
"563",563,4,5,5,5,"Tsenaglode","new",0.228081113,0.208368919287383,0.325956181244404
"564",564,5,5,5,5,"Tsenaglode","new",0.227460692,0.198545927894387,0.330446181786781
"565",565,6,5,5,5,"Tsenaglode","new",0.226841463,0.189075411994974,0.334967295419993
"566",566,7,5,5,5,"Tsenaglode","new",0.226223426,0.179955202432821,0.339518899550537
"567",567,8,5,5,5,"Tsenaglode","new",0.225606581,0.171182048697838,0.344100350431745
"568",568,9,5,5,5,"Tsenaglode","new",0.22499093,0.162751716861421,0.348710983390425
"569",569,10,5,5,5,"Tsenaglode","new",0.224376471,0.154659087481636,0.353350113082485
"570",570,11,5,5,5,"Tsenaglode","new",0.223763206,0.146898252314869,0.358017033777625
"571",571,12,5,5,5,"Tsenaglode","new",0.223151135,0.139462608824317,0.362711019673146
"572",572,13,5,5,5,"Tsenaglode","new",0.222540259,0.132344951629301,0.367431325236823
"573",573,14,5,5,5,"Tsenaglode","new",0.221930576,0.125537560189068,0.372177185578755
"574",574,15,5,5,5,"Tsenaglode","new",0.221322089,0.119032282157604,0.376947816852008
"575",575,16,5,5,5,"Tsenaglode","new",0.220714797,0.112820611979594,0.381742416681832
"576",576,17,5,5,5,"Tsenaglode","new",0.2201087,0.106893764420451,0.386560164623119
"577",577,18,5,5,5,"Tsenaglode","new",0.219503799,0.101242742834165,0.391400222645739
"578",578,19,5,5,5,"Tsenaglode","new",0.218900093,0.0958584020710607,0.396261735647301
"579",579,20,5,5,5,"Tsenaglode","new",0.218297583,0.0907315060131908,0.40114383199281
"580",580,21,5,5,5,"Tsenaglode","new",0.21769627,0.0858527797983552,0.40604562408064
"581",581,22,5,5,5,"Tsenaglode","new",0.217096153,0.0812129568549737,0.410966208934158
"582",582,23,5,5,5,"Tsenaglode","new",0.216497232,0.0768028209201018,0.415904668818263
"583",583,24,5,5,5,"Tsenaglode","new",0.215899509,0.0726132432525246,0.420860071880061
"584",584,25,5,5,5,"Tsenaglode","new",0.215302981,0.0686352152830888,0.425831472812786
"585",585,26,5,5,5,"Tsenaglode","new",0.214707651,0.0648598769662367,0.430817913542069
"586",586,27,5,5,5,"Tsenaglode","new",0.214113518,0.061278541111092,0.435818423933545
"587",587,28,5,5,5,"Tsenaglode","new",0.213520582,0.0578827139784213,0.440832022520751
"588",588,29,5,5,5,"Tsenaglode","new",0.212928842,0.0546641124323106,0.445857717252219
"589",589,30,5,5,5,"Tsenaglode","new",0.2123383,0.0516146779333399,0.450894506256578
"590",590,0,5,5,5,"Telkwa","new",0.233616041,0.25118585236677,0.308319011213148
"591",591,1,5,5,5,"Telkwa","new",0.24249526,0.239956208720152,0.312678762845535
"592",592,2,5,5,5,"Telkwa","new",0.251601166,0.229075021233212,0.317071902882017
"593",593,3,5,5,5,"Telkwa","new",0.260931223,0.218545377324223,0.321497895035379
"594",594,4,5,5,5,"Telkwa","new",0.27048222,0.208368919287383,0.325956181244404
"595",595,5,5,5,5,"Telkwa","new",0.280250251,0.198545927894387,0.330446181786781
"596",596,6,5,5,5,"Telkwa","new",0.290230698,0.189075411994974,0.334967295419993
"597",597,7,5,5,5,"Telkwa","new",0.300418222,0.179955202432821,0.339518899550537
"598",598,8,5,5,5,"Telkwa","new",0.310806751,0.171182048697838,0.344100350431745
"599",599,9,5,5,5,"Telkwa","new",0.321389483,0.162751716861421,0.348710983390425
"600",600,10,5,5,5,"Telkwa","new",0.332158886,0.154659087481636,0.353350113082485
"601",601,11,5,5,5,"Telkwa","new",0.343106702,0.146898252314869,0.358017033777625
"602",602,12,5,5,5,"Telkwa","new",0.354223965,0.139462608824317,0.362711019673146
"603",603,13,5,5,5,"Telkwa","new",0.365501019,0.132344951629301,0.367431325236823
"604",604,14,5,5,5,"Telkwa","new",0.376927538,0.125537560189068,0.372177185578755
"605",605,15,5,5,5,"Telkwa","new",0.388492558,0.119032282157604,0.376947816852008
"606",606,16,5,5,5,"Telkwa","new",0.400184514,0.112820611979594,0.381742416681832
"607",607,17,5,5,5,"Telkwa","new",0.411991277,0.106893764420451,0.386560164623119
"608",608,18,5,5,5,"Telkwa","new",0.423900201,0.101242742834165,0.391400222645739
"609",609,19,5,5,5,"Telkwa","new",0.435898175,0.0958584020710607,0.396261735647301
"610",610,20,5,5,5,"Telkwa","new",0.447971675,0.0907315060131908,0.40114383199281
"611",611,21,5,5,5,"Telkwa","new",0.460106826,0.0858527797983552,0.40604562408064
"612",612,22,5,5,5,"Telkwa","new",0.472289461,0.0812129568549737,0.410966208934158
"613",613,23,5,5,5,"Telkwa","new",0.484505188,0.0768028209201018,0.415904668818263
"614",614,24,5,5,5,"Telkwa","new",0.496739459,0.0726132432525246,0.420860071880061
"615",615,25,5,5,5,"Telkwa","new",0.508977636,0.0686352152830888,0.425831472812786
"616",616,26,5,5,5,"Telkwa","new",0.521205062,0.0648598769662367,0.430817913542069
"617",617,27,5,5,5,"Telkwa","new",0.533407132,0.061278541111092,0.435818423933545
"618",618,28,5,5,5,"Telkwa","new",0.545569361,0.0578827139784213,0.440832022520751
"619",619,29,5,5,5,"Telkwa","new",0.557677457,0.0546641124323106,0.445857717252219
"620",620,30,5,5,5,"Telkwa","new",0.569717379,0.0516146779333399,0.450894506256578
"621",621,0,5,5,5,"Kennedy Siding","new",0.229629556,0.387387757709446,0.308319011213148
"622",622,1,5,5,5,"Kennedy Siding","new",0.231040675,0.341917838844313,0.312678762845535
"623",623,2,5,5,5,"Kennedy Siding","new",0.232457849,0.299178547589965,0.317071902882017
"624",624,3,5,5,5,"Kennedy Siding","new",0.233881073,0.259673564925205,0.321497895035379
"625",625,4,5,5,5,"Kennedy Siding","new",0.235310338,0.223719796214266,0.325956181244404
"626",626,5,5,5,5,"Kennedy Siding","new",0.236745639,0.191456713667137,0.330446181786781
"627",627,6,5,5,5,"Kennedy Siding","new",0.238186967,0.162870174249005,0.334967295419993
"628",628,7,5,5,5,"Kennedy Siding","new",0.239634316,0.13782434083435,0.339518899550537
"629",629,8,5,5,5,"Kennedy Siding","new",0.241087676,0.116095865246144,0.344100350431745
"630",630,9,5,5,5,"Kennedy Siding","new",0.242547038,0.0974059475464081,0.348710983390425
"631",631,10,5,5,5,"Kennedy Siding","new",0.244012395,0.0814476126571714,0.353350113082485
"632",632,11,5,5,5,"Kennedy Siding","new",0.245483735,0.067907080373821,0.358017033777625
"633",633,12,5,5,5,"Kennedy Siding","new",0.246961049,0.0564792260867487,0.362711019673146
"634",634,13,5,5,5,"Kennedy Siding","new",0.248444326,0.0468778056229813,0.367431325236823
"635",635,14,5,5,5,"Kennedy Siding","new",0.249933554,0.0388414251892598,0.372177185578755
"636",636,15,5,5,5,"Kennedy Siding","new",0.251428724,0.0321362901000421,0.376947816852008
"637",637,16,5,5,5,"Kennedy Siding","new",0.252929821,0.0265566706242004,0.381742416681832
"638",638,17,5,5,5,"Kennedy Siding","new",0.254436834,0.0219238609357024,0.386560164623119
"639",639,18,5,5,5,"Kennedy Siding","new",0.25594975,0.018084230350542,0.391400222645739
"640",640,19,5,5,5,"Kennedy Siding","new",0.257468556,0.0149068038107868,0.396261735647301
"641",641,20,5,5,5,"Kennedy Siding","new",0.258993237,0.0122806735976146,0.40114383199281
"642",642,21,5,5,5,"Kennedy Siding","new",0.260523779,0.0101124392280071,0.40604562408064
"643",643,22,5,5,5,"Kennedy Siding","new",0.262060167,0.00832379491428464,0.410966208934158
"644",644,23,5,5,5,"Kennedy Siding","new",0.263602386,0.006849329192763,0.415904668818263
"645",645,24,5,5,5,"Kennedy Siding","new",0.265150419,0.00563456431028498,0.420860071880061
"646",646,25,5,5,5,"Kennedy Siding","new",0.266704251,0.00463423911726932,0.425831472812786
"647",647,26,5,5,5,"Kennedy Siding","new",0.268263865,0.00381082477754141,0.430817913542069
"648",648,27,5,5,5,"Kennedy Siding","new",0.269829243,0.00313325463906832,0.435818423933545
"649",649,28,5,5,5,"Kennedy Siding","new",0.271400367,0.00257584594103342,0.440832022520751
"650",650,29,5,5,5,"Kennedy Siding","new",0.27297722,0.00211739010257312,0.445857717252219
"651",651,30,5,5,5,"Kennedy Siding","new",0.274559781,0.00174038906300983,0.450894506256578
"652",652,0,5,5,5,"Burnt Pine","new",0.229629556,0.147702311304158,0.308319011213148
"653",653,1,5,5,5,"Burnt Pine","new",0.231040675,0.145565642293401,0.312678762845535
"654",654,2,5,5,5,"Burnt Pine","new",0.232457849,0.143454679960826,0.317071902882017
"655",655,3,5,5,5,"Burnt Pine","new",0.233881073,0.141369265372492,0.321497895035379
"656",656,4,5,5,5,"Burnt Pine","new",0.235310338,0.139309236059467,0.325956181244404
"657",657,5,5,5,5,"Burnt Pine","new",0.236745639,0.137274426172771,0.330446181786781
"658",658,6,5,5,5,"Burnt Pine","new",0.238186967,0.135264666636199,0.334967295419993
"659",659,7,5,5,5,"Burnt Pine","new",0.239634316,0.133279785296969,0.339518899550537
"660",660,8,5,5,5,"Burnt Pine","new",0.241087676,0.131319607074114,0.344100350431745
"661",661,9,5,5,5,"Burnt Pine","new",0.242547038,0.129383954104572,0.348710983390425
"662",662,10,5,5,5,"Burnt Pine","new",0.244012395,0.127472645886903,0.353350113082485
"663",663,11,5,5,5,"Burnt Pine","new",0.245483735,0.125585499422594,0.358017033777625
"664",664,12,5,5,5,"Burnt Pine","new",0.246961049,0.123722329354895,0.362711019673146
"665",665,13,5,5,5,"Burnt Pine","new",0.248444326,0.121882948105158,0.367431325236823
"666",666,14,5,5,5,"Burnt Pine","new",0.249933554,0.120067166006628,0.372177185578755
"667",667,15,5,5,5,"Burnt Pine","new",0.251428724,0.118274791435662,0.376947816852008
"668",668,16,5,5,5,"Burnt Pine","new",0.252929821,0.116505630940343,0.381742416681832
"669",669,17,5,5,5,"Burnt Pine","new",0.254436834,0.11475948936647,0.386560164623119
"670",670,18,5,5,5,"Burnt Pine","new",0.25594975,0.113036169980899,0.391400222645739
"671",671,19,5,5,5,"Burnt Pine","new",0.257468556,0.111335474592218,0.396261735647301
"672",672,20,5,5,5,"Burnt Pine","new",0.258993237,0.109657203668747,0.40114383199281
"673",673,21,5,5,5,"Burnt Pine","new",0.260523779,0.108001156453857,0.40604562408064
"674",674,22,5,5,5,"Burnt Pine","new",0.262060167,0.106367131078587,0.410966208934158
"675",675,23,5,5,5,"Burnt Pine","new",0.263602386,0.104754924671574,0.415904668818263
"676",676,24,5,5,5,"Burnt Pine","new",0.265150419,0.103164333466292,0.420860071880061
"677",677,25,5,5,5,"Burnt Pine","new",0.266704251,0.101595152905591,0.425831472812786
"678",678,26,5,5,5,"Burnt Pine","new",0.268263865,0.100047177743563,0.430817913542069
"679",679,27,5,5,5,"Burnt Pine","new",0.269829243,0.0985202021447247,0.435818423933545
"680",680,28,5,5,5,"Burnt Pine","new",0.271400367,0.0970140197805478,0.440832022520751
"681",681,29,5,5,5,"Burnt Pine","new",0.27297722,0.0955284239233294,0.445857717252219
"682",682,30,5,5,5,"Burnt Pine","new",0.274559781,0.0940632075374389,0.450894506256578
"683",683,0,5,5,5,"Scott","new",0.229629556,0.182672738696605,0.308319011213148
"684",684,1,5,5,5,"Scott","new",0.231040675,0.181827396440081,0.312678762845535
"685",685,2,5,5,5,"Scott","new",0.232457849,0.180985099876603,0.317071902882017
"686",686,3,5,5,5,"Scott","new",0.233881073,0.180145846052095,0.321497895035379
"687",687,4,5,5,5,"Scott","new",0.235310338,0.179309631936248,0.325956181244404
"688",688,5,5,5,5,"Scott","new",0.236745639,0.178476454423218,0.330446181786781
"689",689,6,5,5,5,"Scott","new",0.238186967,0.177646310332341,0.334967295419993
"690",690,7,5,5,5,"Scott","new",0.239634316,0.176819196408831,0.339518899550537
"691",691,8,5,5,5,"Scott","new",0.241087676,0.175995109324485,0.344100350431745
"692",692,9,5,5,5,"Scott","new",0.242547038,0.175174045678393,0.348710983390425
"693",693,10,5,5,5,"Scott","new",0.244012395,0.174356001997637,0.353350113082485
"694",694,11,5,5,5,"Scott","new",0.245483735,0.173540974737996,0.358017033777625
"695",695,12,5,5,5,"Scott","new",0.246961049,0.172728960284649,0.362711019673146
"696",696,13,5,5,5,"Scott","new",0.248444326,0.171919954952881,0.367431325236823
"697",697,14,5,5,5,"Scott","new",0.249933554,0.171113954988782,0.372177185578755
"698",698,15,5,5,5,"Scott","new",0.251428724,0.170310956569948,0.376947816852008
"699",699,16,5,5,5,"Scott","new",0.252929821,0.169510955806185,0.381742416681832
"700",700,17,5,5,5,"Scott","new",0.254436834,0.168713948740205,0.386560164623119
"701",701,18,5,5,5,"Scott","new",0.25594975,0.167919931348327,0.391400222645739
"702",702,19,5,5,5,"Scott","new",0.257468556,0.167128899541177,0.396261735647301
"703",703,20,5,5,5,"Scott","new",0.258993237,0.166340849164381,0.40114383199281
"704",704,21,5,5,5,"Scott","new",0.260523779,0.165555775999263,0.40604562408064
"705",705,22,5,5,5,"Scott","new",0.262060167,0.164773675763539,0.410966208934158
"706",706,23,5,5,5,"Scott","new",0.263602386,0.163994544112013,0.415904668818263
"707",707,24,5,5,5,"Scott","new",0.265150419,0.163218376637265,0.420860071880061
"708",708,25,5,5,5,"Scott","new",0.266704251,0.162445168870345,0.425831472812786
"709",709,26,5,5,5,"Scott","new",0.268263865,0.161674916281461,0.430817913542069
"710",710,27,5,5,5,"Scott","new",0.269829243,0.160907614280669,0.435818423933545
"711",711,28,5,5,5,"Scott","new",0.271400367,0.160143258218556,0.440832022520751
"712",712,29,5,5,5,"Scott","new",0.27297722,0.159381843386928,0.445857717252219
"713",713,30,5,5,5,"Scott","new",0.274559781,0.158623365019491,0.450894506256578
"714",714,0,5,5,5,"Moberly","new",0.229629556,0.25847699031426,0.308319011213148
"715",715,1,5,5,5,"Moberly","new",0.231040675,0.240733737383418,0.312678762845535
"716",716,2,5,5,5,"Moberly","new",0.232457849,0.223840806035383,0.317071902882017
"717",717,3,5,5,5,"Moberly","new",0.233881073,0.207808850501128,0.321497895035379
"718",718,4,5,5,5,"Moberly","new",0.235310338,0.192640147712109,0.325956181244404
"719",719,5,5,5,5,"Moberly","new",0.236745639,0.178329417522438,0.330446181786781
"720",720,6,5,5,5,"Moberly","new",0.238186967,0.164864705106817,0.334967295419993
"721",721,7,5,5,5,"Moberly","new",0.239634316,0.152228290628297,0.339518899550537
"722",722,8,5,5,5,"Moberly","new",0.241087676,0.140397595997992,0.344100350431745
"723",723,9,5,5,5,"Moberly","new",0.242547038,0.129346063837655,0.348710983390425
"724",724,10,5,5,5,"Moberly","new",0.244012395,0.119043989180474,0.353350113082485
"725",725,11,5,5,5,"Moberly","new",0.245483735,0.109459289668936,0.358017033777625
"726",726,12,5,5,5,"Moberly","new",0.246961049,0.100558204787907,0.362711019673146
"727",727,13,5,5,5,"Moberly","new",0.248444326,0.0923059188513757,0.367431325236823
"728",728,14,5,5,5,"Moberly","new",0.249933554,0.0846671059643629,0.372177185578755
"729",729,15,5,5,5,"Moberly","new",0.251428724,0.0776063979910055,0.376947816852008
"730",730,16,5,5,5,"Moberly","new",0.252929821,0.0710887787051286,0.381742416681832
"731",731,17,5,5,5,"Moberly","new",0.254436834,0.0650799088410641,0.386560164623119
"732",732,18,5,5,5,"Moberly","new",0.25594975,0.0595463877784443,0.391400222645739
"733",733,19,5,5,5,"Moberly","new",0.257468556,0.054455958171163,0.396261735647301
"734",734,20,5,5,5,"Moberly","new",0.258993237,0.0497776600536274,0.40114383199281
"735",735,21,5,5,5,"Moberly","new",0.260523779,0.045481940907378,0.40604562408064
"736",736,22,5,5,5,"Moberly","new",0.262060167,0.0415407279201059,0.410966208934158
"737",737,23,5,5,5,"Moberly","new",0.263602386,0.0379274682787335,0.415904668818263
"738",738,24,5,5,5,"Moberly","new",0.265150419,0.0346171428596072,0.420860071880061
"739",739,25,5,5,5,"Moberly","new",0.266704251,0.0315862581527382,0.425831472812786
"740",740,26,5,5,5,"Moberly","new",0.268263865,0.0288128207148702,0.430817913542069
"741",741,27,5,5,5,"Moberly","new",0.269829243,0.0262762979112225,0.435818423933545
"742",742,28,5,5,5,"Moberly","new",0.271400367,0.0239575681945147,0.440832022520751
"743",743,29,5,5,5,"Moberly","new",0.27297722,0.0218388636931503,0.445857717252219
"744",744,30,5,5,5,"Moberly","new",0.274559781,0.0199037074446929,0.450894506256578
"745",745,0,5,5,5,"Quintette","new",0.229629556,0.233881209382999,0.308319011213148
"746",746,1,5,5,5,"Quintette","new",0.231040675,0.232261804243027,0.312678762845535
"747",747,2,5,5,5,"Quintette","new",0.232457849,0.230650236169942,0.317071902882017
"748",748,3,5,5,5,"Quintette","new",0.233881073,0.22904651406673,0.321497895035379
"749",749,4,5,5,5,"Quintette","new",0.235310338,0.227450646109068,0.325956181244404
"750",750,5,5,5,5,"Quintette","new",0.236745639,0.225862639751275,0.330446181786781
"751",751,6,5,5,5,"Quintette","new",0.238186967,0.224282501732335,0.334967295419993
"752",752,7,5,5,5,"Quintette","new",0.239634316,0.222710238082017,0.339518899550537
"753",753,8,5,5,5,"Quintette","new",0.241087676,0.221145854127067,0.344100350431745
"754",754,9,5,5,5,"Quintette","new",0.242547038,0.219589354497481,0.348710983390425
"755",755,10,5,5,5,"Quintette","new",0.244012395,0.218040743132852,0.353350113082485
"756",756,11,5,5,5,"Quintette","new",0.245483735,0.216500023288784,0.358017033777625
"757",757,12,5,5,5,"Quintette","new",0.246961049,0.214967197543384,0.362711019673146
"758",758,13,5,5,5,"Quintette","new",0.248444326,0.213442267803812,0.367431325236823
"759",759,14,5,5,5,"Quintette","new",0.249933554,0.211925235312893,0.372177185578755
"760",760,15,5,5,5,"Quintette","new",0.251428724,0.210416100655797,0.376947816852008
"761",761,16,5,5,5,"Quintette","new",0.252929821,0.208914863766765,0.381742416681832
"762",762,17,5,5,5,"Quintette","new",0.254436834,0.207421523935902,0.386560164623119
"763",763,18,5,5,5,"Quintette","new",0.25594975,0.205936079816009,0.391400222645739
"764",764,19,5,5,5,"Quintette","new",0.257468556,0.204458529429474,0.396261735647301
"765",765,20,5,5,5,"Quintette","new",0.258993237,0.202988870175201,0.40114383199281
"766",766,21,5,5,5,"Quintette","new",0.260523779,0.201527098835589,0.40604562408064
"767",767,22,5,5,5,"Quintette","new",0.262060167,0.200073211583547,0.410966208934158
"768",768,23,5,5,5,"Quintette","new",0.263602386,0.19862720398955,0.415904668818263
"769",769,24,5,5,5,"Quintette","new",0.265150419,0.197189071028727,0.420860071880061
"770",770,25,5,5,5,"Quintette","new",0.266704251,0.195758807087988,0.425831472812786
"771",771,26,5,5,5,"Quintette","new",0.268263865,0.194336405973172,0.430817913542069
"772",772,27,5,5,5,"Quintette","new",0.269829243,0.192921860916233,0.435818423933545
"773",773,28,5,5,5,"Quintette","new",0.271400367,0.191515164582443,0.440832022520751
"774",774,29,5,5,5,"Quintette","new",0.27297722,0.190116309077623,0.445857717252219
"775",775,30,5,5,5,"Quintette","new",0.274559781,0.188725285955393,0.450894506256578
"776",776,0,5,5,5,"Narraway","new",0.229629556,0.353956927712871,0.308319011213148
"777",777,1,5,5,5,"Narraway","new",0.231040675,0.345447809115095,0.312678762845535
"778",778,2,5,5,5,"Narraway","new",0.232457849,0.337036532429984,0.317071902882017
"779",779,3,5,5,5,"Narraway","new",0.233881073,0.328727204399901,0.321497895035379
"780",780,4,5,5,5,"Narraway","new",0.235310338,0.320523691905957,0.325956181244404
"781",781,5,5,5,5,"Narraway","new",0.236745639,0.31242961780024,0.330446181786781
"782",782,6,5,5,5,"Narraway","new",0.238186967,0.304448357833715,0.334967295419993
"783",783,7,5,5,5,"Narraway","new",0.239634316,0.296583038657089,0.339518899550537
"784",784,8,5,5,5,"Narraway","new",0.241087676,0.288836536865022,0.344100350431745
"785",785,9,5,5,5,"Narraway","new",0.242547038,0.281211479047756,0.348710983390425
"786",786,10,5,5,5,"Narraway","new",0.244012395,0.273710242808596,0.353350113082485
"787",787,11,5,5,5,"Narraway","new",0.245483735,0.266334958700666,0.358017033777625
"788",788,12,5,5,5,"Narraway","new",0.246961049,0.259087513032133,0.362711019673146
"789",789,13,5,5,5,"Narraway","new",0.248444326,0.251969551485477,0.367431325236823
"790",790,14,5,5,5,"Narraway","new",0.249933554,0.244982483493539,0.372177185578755
"791",791,15,5,5,5,"Narraway","new",0.251428724,0.238127487312867,0.376947816852008
"792",792,16,5,5,5,"Narraway","new",0.252929821,0.231405515733391,0.381742416681832
"793",793,17,5,5,5,"Narraway","new",0.254436834,0.224817302362514,0.386560164623119
"794",794,18,5,5,5,"Narraway","new",0.25594975,0.218363368421494,0.391400222645739
"795",795,19,5,5,5,"Narraway","new",0.257468556,0.212044029992181,0.396261735647301
"796",796,20,5,5,5,"Narraway","new",0.258993237,0.205859405653036,0.40114383199281
"797",797,21,5,5,5,"Narraway","new",0.260523779,0.199809424444559,0.40604562408064
"798",798,22,5,5,5,"Narraway","new",0.262060167,0.193893834105947,0.410966208934158
"799",799,23,5,5,5,"Narraway","new",0.263602386,0.188112209526855,0.415904668818263
"800",800,24,5,5,5,"Narraway","new",0.265150419,0.182463961360465,0.420860071880061
"801",801,25,5,5,5,"Narraway","new",0.266704251,0.176948344746693,0.425831472812786
"802",802,26,5,5,5,"Narraway","new",0.268263865,0.171564468097232,0.430817913542069
"803",803,27,5,5,5,"Narraway","new",0.269829243,0.166311301897088,0.435818423933545
"804",804,28,5,5,5,"Narraway","new",0.271400367,0.161187687480445,0.440832022520751
"805",805,29,5,5,5,"Narraway","new",0.27297722,0.156192345741866,0.445857717252219
"806",806,30,5,5,5,"Narraway","new",0.274559781,0.151323885747149,0.450894506256578
"807",807,0,5,5,5,"Nakusp","new",0.229629556,0.25118585236677,0.308319011213148
"808",808,1,5,5,5,"Nakusp","new",0.231040675,0.239956208720152,0.312678762845535
"809",809,2,5,5,5,"Nakusp","new",0.232457849,0.229075021233212,0.317071902882017
"810",810,3,5,5,5,"Nakusp","new",0.233881073,0.218545377324223,0.321497895035379
"811",811,4,5,5,5,"Nakusp","new",0.235310338,0.208368919287383,0.325956181244404
"812",812,5,5,5,5,"Nakusp","new",0.236745639,0.198545927894387,0.330446181786781
"813",813,6,5,5,5,"Nakusp","new",0.238186967,0.189075411994974,0.334967295419993
"814",814,7,5,5,5,"Nakusp","new",0.239634316,0.179955202432821,0.339518899550537
"815",815,8,5,5,5,"Nakusp","new",0.241087676,0.171182048697838,0.344100350431745
"816",816,9,5,5,5,"Nakusp","new",0.242547038,0.162751716861421,0.348710983390425
"817",817,10,5,5,5,"Nakusp","new",0.244012395,0.154659087481636,0.353350113082485
"818",818,11,5,5,5,"Nakusp","new",0.245483735,0.146898252314869,0.358017033777625
"819",819,12,5,5,5,"Nakusp","new",0.246961049,0.139462608824317,0.362711019673146
"820",820,13,5,5,5,"Nakusp","new",0.248444326,0.132344951629301,0.367431325236823
"821",821,14,5,5,5,"Nakusp","new",0.249933554,0.125537560189068,0.372177185578755
"822",822,15,5,5,5,"Nakusp","new",0.251428724,0.119032282157604,0.376947816852008
"823",823,16,5,5,5,"Nakusp","new",0.252929821,0.112820611979594,0.381742416681832
"824",824,17,5,5,5,"Nakusp","new",0.254436834,0.106893764420451,0.386560164623119
"825",825,18,5,5,5,"Nakusp","new",0.25594975,0.101242742834165,0.391400222645739
"826",826,19,5,5,5,"Nakusp","new",0.257468556,0.0958584020710607,0.396261735647301
"827",827,20,5,5,5,"Nakusp","new",0.258993237,0.0907315060131908,0.40114383199281
"828",828,21,5,5,5,"Nakusp","new",0.260523779,0.0858527797983552,0.40604562408064
"829",829,22,5,5,5,"Nakusp","new",0.262060167,0.0812129568549737,0.410966208934158
"830",830,23,5,5,5,"Nakusp","new",0.263602386,0.0768028209201018,0.415904668818263
"831",831,24,5,5,5,"Nakusp","new",0.265150419,0.0726132432525246,0.420860071880061
"832",832,25,5,5,5,"Nakusp","new",0.266704251,0.0686352152830888,0.425831472812786
"833",833,26,5,5,5,"Nakusp","new",0.268263865,0.0648598769662367,0.430817913542069
"834",834,27,5,5,5,"Nakusp","new",0.269829243,0.061278541111092,0.435818423933545
"835",835,28,5,5,5,"Nakusp","new",0.271400367,0.0578827139784213,0.440832022520751
"836",836,29,5,5,5,"Nakusp","new",0.27297722,0.0546641124323106,0.445857717252219
"837",837,30,5,5,5,"Nakusp","new",0.274559781,0.0516146779333399,0.450894506256578
"838",838,0,5,5,5,"Hart Ranges","new",0.229629556,0.25118585236677,0.308319011213148
"839",839,1,5,5,5,"Hart Ranges","new",0.231040675,0.239956208720152,0.312678762845535
"840",840,2,5,5,5,"Hart Ranges","new",0.232457849,0.229075021233212,0.317071902882017
"841",841,3,5,5,5,"Hart Ranges","new",0.233881073,0.218545377324223,0.321497895035379
"842",842,4,5,5,5,"Hart Ranges","new",0.235310338,0.208368919287383,0.325956181244404
"843",843,5,5,5,5,"Hart Ranges","new",0.236745639,0.198545927894387,0.330446181786781
"844",844,6,5,5,5,"Hart Ranges","new",0.238186967,0.189075411994974,0.334967295419993
"845",845,7,5,5,5,"Hart Ranges","new",0.239634316,0.179955202432821,0.339518899550537
"846",846,8,5,5,5,"Hart Ranges","new",0.241087676,0.171182048697838,0.344100350431745
"847",847,9,5,5,5,"Hart Ranges","new",0.242547038,0.162751716861421,0.348710983390425
"848",848,10,5,5,5,"Hart Ranges","new",0.244012395,0.154659087481636,0.353350113082485
"849",849,11,5,5,5,"Hart Ranges","new",0.245483735,0.146898252314869,0.358017033777625
"850",850,12,5,5,5,"Hart Ranges","new",0.246961049,0.139462608824317,0.362711019673146
"851",851,13,5,5,5,"Hart Ranges","new",0.248444326,0.132344951629301,0.367431325236823
"852",852,14,5,5,5,"Hart Ranges","new",0.249933554,0.125537560189068,0.372177185578755
"853",853,15,5,5,5,"Hart Ranges","new",0.251428724,0.119032282157604,0.376947816852008
"854",854,16,5,5,5,"Hart Ranges","new",0.252929821,0.112820611979594,0.381742416681832
"855",855,17,5,5,5,"Hart Ranges","new",0.254436834,0.106893764420451,0.386560164623119
"856",856,18,5,5,5,"Hart Ranges","new",0.25594975,0.101242742834165,0.391400222645739
"857",857,19,5,5,5,"Hart Ranges","new",0.257468556,0.0958584020710607,0.396261735647301
"858",858,20,5,5,5,"Hart Ranges","new",0.258993237,0.0907315060131908,0.40114383199281
"859",859,21,5,5,5,"Hart Ranges","new",0.260523779,0.0858527797983552,0.40604562408064
"860",860,22,5,5,5,"Hart Ranges","new",0.262060167,0.0812129568549737,0.410966208934158
"861",861,23,5,5,5,"Hart Ranges","new",0.263602386,0.0768028209201018,0.415904668818263
"862",862,24,5,5,5,"Hart Ranges","new",0.265150419,0.0726132432525246,0.420860071880061
"863",863,25,5,5,5,"Hart Ranges","new",0.266704251,0.0686352152830888,0.425831472812786
"864",864,26,5,5,5,"Hart Ranges","new",0.268263865,0.0648598769662367,0.430817913542069
"865",865,27,5,5,5,"Hart Ranges","new",0.269829243,0.061278541111092,0.435818423933545
"866",866,28,5,5,5,"Hart Ranges","new",0.271400367,0.0578827139784213,0.440832022520751
"867",867,29,5,5,5,"Hart Ranges","new",0.27297722,0.0546641124323106,0.445857717252219
"868",868,30,5,5,5,"Hart Ranges","new",0.274559781,0.0516146779333399,0.450894506256578
"869",869,0,5,5,5,"South Selkirks","new",0.229629556,0.25118585236677,0.308319011213148
"870",870,1,5,5,5,"South Selkirks","new",0.231040675,0.239956208720152,0.312678762845535
"871",871,2,5,5,5,"South Selkirks","new",0.232457849,0.229075021233212,0.317071902882017
"872",872,3,5,5,5,"South Selkirks","new",0.233881073,0.218545377324223,0.321497895035379
"873",873,4,5,5,5,"South Selkirks","new",0.235310338,0.208368919287383,0.325956181244404
"874",874,5,5,5,5,"South Selkirks","new",0.236745639,0.198545927894387,0.330446181786781
"875",875,6,5,5,5,"South Selkirks","new",0.238186967,0.189075411994974,0.334967295419993
"876",876,7,5,5,5,"South Selkirks","new",0.239634316,0.179955202432821,0.339518899550537
"877",877,8,5,5,5,"South Selkirks","new",0.241087676,0.171182048697838,0.344100350431745
"878",878,9,5,5,5,"South Selkirks","new",0.242547038,0.162751716861421,0.348710983390425
"879",879,10,5,5,5,"South Selkirks","new",0.244012395,0.154659087481636,0.353350113082485
"880",880,11,5,5,5,"South Selkirks","new",0.245483735,0.146898252314869,0.358017033777625
"881",881,12,5,5,5,"South Selkirks","new",0.246961049,0.139462608824317,0.362711019673146
"882",882,13,5,5,5,"South Selkirks","new",0.248444326,0.132344951629301,0.367431325236823
"883",883,14,5,5,5,"South Selkirks","new",0.249933554,0.125537560189068,0.372177185578755
"884",884,15,5,5,5,"South Selkirks","new",0.251428724,0.119032282157604,0.376947816852008
"885",885,16,5,5,5,"South Selkirks","new",0.252929821,0.112820611979594,0.381742416681832
"886",886,17,5,5,5,"South Selkirks","new",0.254436834,0.106893764420451,0.386560164623119
"887",887,18,5,5,5,"South Selkirks","new",0.25594975,0.101242742834165,0.391400222645739
"888",888,19,5,5,5,"South Selkirks","new",0.257468556,0.0958584020710607,0.396261735647301
"889",889,20,5,5,5,"South Selkirks","new",0.258993237,0.0907315060131908,0.40114383199281
"890",890,21,5,5,5,"South Selkirks","new",0.260523779,0.0858527797983552,0.40604562408064
"891",891,22,5,5,5,"South Selkirks","new",0.262060167,0.0812129568549737,0.410966208934158
"892",892,23,5,5,5,"South Selkirks","new",0.263602386,0.0768028209201018,0.415904668818263
"893",893,24,5,5,5,"South Selkirks","new",0.265150419,0.0726132432525246,0.420860071880061
"894",894,25,5,5,5,"South Selkirks","new",0.266704251,0.0686352152830888,0.425831472812786
"895",895,26,5,5,5,"South Selkirks","new",0.268263865,0.0648598769662367,0.430817913542069
"896",896,27,5,5,5,"South Selkirks","new",0.269829243,0.061278541111092,0.435818423933545
"897",897,28,5,5,5,"South Selkirks","new",0.271400367,0.0578827139784213,0.440832022520751
"898",898,29,5,5,5,"South Selkirks","new",0.27297722,0.0546641124323106,0.445857717252219
"899",899,30,5,5,5,"South Selkirks","new",0.274559781,0.0516146779333399,0.450894506256578
