"","X.1","X","distance_to_resource_road","distance_to_cut_1to4","distance_to_cut_5to40","distance_to_cut_5to9","distance_to_cut_10to40","HERD_NAME","animal_id","predict_du7","predict_du8","predict_du9","predict_du6"
"1",1,1,0,5,5,5,5,"Population","new",0.187854543,0.108237131564126,0.0737400979385408,0.170101767744327
"2",2,2,1,5,5,5,5,"Population","new",0.19697165,0.122799562589012,0.0846559194787583,0.196366816949607
"3",3,3,2,5,5,5,5,"Population","new",0.206418773,0.139015824741802,0.0970183705452863,0.22558501180058
"4",4,4,3,5,5,5,5,"Population","new",0.21619701,0.156990274035675,0.110967273852423,0.257756288693534
"5",5,5,4,5,5,5,5,"Population","new",0.226306359,0.176811513240668,0.126640425723614,0.292781012007839
"6",6,6,5,5,5,5,5,"Population","new",0.236745639,0.198545927894387,0.14416829290264,0.330446181786781
"7",7,7,6,5,5,5,5,"Population","new",0.247512418,0.222230770820369,0.163667505154725,0.370418923270327
"8",8,8,7,5,5,5,5,"Population","new",0.258602948,0.247867197429126,0.185233232427199,0.412249846249994
"9",9,9,8,5,5,5,5,"Population","new",0.270012106,0.275413790162025,0.208930691414843,0.455387786976603
"10",10,10,9,5,5,5,5,"Population","new",0.281733342,0.30478122030615,0.234786216680362,0.499205755485285
"11",11,11,10,5,5,5,5,"Population","new",0.293758641,0.335828749471548,0.262778537528372,0.543035927109335
"12",12,12,11,5,5,5,5,"Population","new",0.306078492,0.368363241890842,0.292831091709099,0.586209735761769
"13",13,13,12,5,5,5,5,"Population","new",0.318681878,0.40214122114518,0.324806336923534,0.628098061298174
"14",14,14,13,5,5,5,5,"Population","new",0.331556269,0.436874256736582,0.358503041821044,0.668146483250262
"15",15,15,14,5,5,5,5,"Population","new",0.34468764,0.472237626789728,0.39365740709539,0.705901604767209
"16",16,16,15,5,5,5,5,"Population","new",0.3580605,0.507881818102972,0.42994856384718,0.741026214323039
"17",17,17,16,5,5,5,5,"Population","new",0.371657936,0.543446057914908,0.467008536574005,0.773303038837093
"18",18,18,17,5,5,5,5,"Population","new",0.385461678,0.57857279260341,0.504436201427723,0.802628549318642
"19",19,19,18,5,5,5,5,"Population","new",0.39945218,0.6129218941357,0.541814213410577,0.828999380470842
"20",20,20,19,5,5,5,5,"Population","new",0.413608708,0.646183413997509,0.578727431907356,0.852494326962815
"21",21,21,20,5,5,5,5,"Population","new",0.427909462,0.678087908211302,0.614781140878896,0.873254689284367
"22",22,22,21,5,5,5,5,"Population","new",0.442331689,0.708413683155192,0.64961739231846,0.891465176363301
"23",23,23,22,5,5,5,5,"Population","new",0.45685183,0.736990695436582,0.682928091605928,0.907336857754169
"24",24,24,23,5,5,5,5,"Population","new",0.471445667,0.763701210859892,0.714463924327288,0.921092971893162
"25",25,25,24,5,5,5,5,"Population","new",0.486088478,0.788477630570945,0.744038791096028,0.932957841919399
"26",26,26,25,5,5,5,5,"Population","new",0.50075521,0.81129809265618,0.771529958279535,0.943148763609342
"27",27,27,26,5,5,5,5,"Population","new",0.515420642,0.832180546274538,0.796874559063358,0.951870502112811
"28",28,28,27,5,5,5,5,"Population","new",0.530059564,0.851175985574124,0.820063341809904,0.959311933067997
"29",29,29,28,5,5,5,5,"Population","new",0.544646947,0.868361448125668,0.841132654868054,0.96564435056369
"30",30,30,29,5,5,5,5,"Population","new",0.559158116,0.883833257719608,0.860155606086723,0.971021004268728
"31",31,31,30,5,5,5,5,"Population","new",0.573568912,0.897700851903274,0.877233186786091,0.975577493860074
"32",32,32,0,5,5,5,5,"Itcha-Ilgachuz","new",0.296612826,0.108237131564126,0.0737400979385408,0.170101767744327
"33",33,33,1,5,5,5,5,"Itcha-Ilgachuz","new",0.302732511,0.122799562589012,0.0846559194787583,0.196366816949607
"34",34,34,2,5,5,5,5,"Itcha-Ilgachuz","new",0.308923003,0.139015824741802,0.0970183705452863,0.22558501180058
"35",35,35,3,5,5,5,5,"Itcha-Ilgachuz","new",0.315182863,0.156990274035675,0.110967273852423,0.257756288693534
"36",36,36,4,5,5,5,5,"Itcha-Ilgachuz","new",0.321510556,0.176811513240668,0.126640425723614,0.292781012007839
"37",37,37,5,5,5,5,5,"Itcha-Ilgachuz","new",0.327904457,0.198545927894387,0.14416829290264,0.330446181786781
"38",38,38,6,5,5,5,5,"Itcha-Ilgachuz","new",0.334362852,0.222230770820369,0.163667505154725,0.370418923270327
"39",39,39,7,5,5,5,5,"Itcha-Ilgachuz","new",0.340883934,0.247867197429126,0.185233232427199,0.412249846249994
"40",40,40,8,5,5,5,5,"Itcha-Ilgachuz","new",0.347465807,0.275413790162025,0.208930691414843,0.455387786976603
"41",41,41,9,5,5,5,5,"Itcha-Ilgachuz","new",0.354106489,0.30478122030615,0.234786216680362,0.499205755485285
"42",42,42,10,5,5,5,5,"Itcha-Ilgachuz","new",0.360803912,0.335828749471548,0.262778537528372,0.543035927109335
"43",43,43,11,5,5,5,5,"Itcha-Ilgachuz","new",0.367555922,0.368363241890842,0.292831091709099,0.586209735761769
"44",44,44,12,5,5,5,5,"Itcha-Ilgachuz","new",0.374360284,0.40214122114518,0.324806336923534,0.628098061298174
"45",45,45,13,5,5,5,5,"Itcha-Ilgachuz","new",0.381214685,0.436874256736582,0.358503041821044,0.668146483250262
"46",46,46,14,5,5,5,5,"Itcha-Ilgachuz","new",0.388116731,0.472237626789728,0.39365740709539,0.705901604767209
"47",47,47,15,5,5,5,5,"Itcha-Ilgachuz","new",0.395063959,0.507881818102972,0.42994856384718,0.741026214323039
"48",48,48,16,5,5,5,5,"Itcha-Ilgachuz","new",0.402053831,0.543446057914908,0.467008536574005,0.773303038837093
"49",49,49,17,5,5,5,5,"Itcha-Ilgachuz","new",0.409083742,0.57857279260341,0.504436201427723,0.802628549318642
"50",50,50,18,5,5,5,5,"Itcha-Ilgachuz","new",0.416151025,0.6129218941357,0.541814213410577,0.828999380470842
"51",51,51,19,5,5,5,5,"Itcha-Ilgachuz","new",0.423252949,0.646183413997509,0.578727431907356,0.852494326962815
"52",52,52,20,5,5,5,5,"Itcha-Ilgachuz","new",0.430386731,0.678087908211302,0.614781140878896,0.873254689284367
"53",53,53,21,5,5,5,5,"Itcha-Ilgachuz","new",0.437549531,0.708413683155192,0.64961739231846,0.891465176363301
"54",54,54,22,5,5,5,5,"Itcha-Ilgachuz","new",0.444738466,0.736990695436582,0.682928091605928,0.907336857754169
"55",55,55,23,5,5,5,5,"Itcha-Ilgachuz","new",0.451950605,0.763701210859892,0.714463924327288,0.921092971893162
"56",56,56,24,5,5,5,5,"Itcha-Ilgachuz","new",0.459182982,0.788477630570945,0.744038791096028,0.932957841919399
"57",57,57,25,5,5,5,5,"Itcha-Ilgachuz","new",0.466432594,0.81129809265618,0.771529958279535,0.943148763609342
"58",58,58,26,5,5,5,5,"Itcha-Ilgachuz","new",0.473696411,0.832180546274538,0.796874559063358,0.951870502112811
"59",59,59,27,5,5,5,5,"Itcha-Ilgachuz","new",0.48097138,0.851175985574124,0.820063341809904,0.959311933067997
"60",60,60,28,5,5,5,5,"Itcha-Ilgachuz","new",0.488254426,0.868361448125668,0.841132654868054,0.96564435056369
"61",61,61,29,5,5,5,5,"Itcha-Ilgachuz","new",0.495542462,0.883833257719608,0.860155606086723,0.971021004268728
"62",62,62,30,5,5,5,5,"Itcha-Ilgachuz","new",0.502832392,0.897700851903274,0.877233186786091,0.975577493860074
"63",63,63,0,5,5,5,5,"Tweedsmuir","new",0.178164046,0.108237131564126,0.0737400979385408,0.170101767744327
"64",64,64,1,5,5,5,5,"Tweedsmuir","new",0.179434517,0.122799562589012,0.0846559194787583,0.196366816949607
"65",65,65,2,5,5,5,5,"Tweedsmuir","new",0.180712056,0.139015824741802,0.0970183705452863,0.22558501180058
"66",66,66,3,5,5,5,5,"Tweedsmuir","new",0.181996674,0.156990274035675,0.110967273852423,0.257756288693534
"67",67,67,4,5,5,5,5,"Tweedsmuir","new",0.18328838,0.176811513240668,0.126640425723614,0.292781012007839
"68",68,68,5,5,5,5,5,"Tweedsmuir","new",0.184587186,0.198545927894387,0.14416829290264,0.330446181786781
"69",69,69,6,5,5,5,5,"Tweedsmuir","new",0.1858931,0.222230770820369,0.163667505154725,0.370418923270327
"70",70,70,7,5,5,5,5,"Tweedsmuir","new",0.187206132,0.247867197429126,0.185233232427199,0.412249846249994
"71",71,71,8,5,5,5,5,"Tweedsmuir","new",0.188526291,0.275413790162025,0.208930691414843,0.455387786976603
"72",72,72,9,5,5,5,5,"Tweedsmuir","new",0.189853584,0.30478122030615,0.234786216680362,0.499205755485285
"73",73,73,10,5,5,5,5,"Tweedsmuir","new",0.191188021,0.335828749471548,0.262778537528372,0.543035927109335
"74",74,74,11,5,5,5,5,"Tweedsmuir","new",0.192529609,0.368363241890842,0.292831091709099,0.586209735761769
"75",75,75,12,5,5,5,5,"Tweedsmuir","new",0.193878353,0.40214122114518,0.324806336923534,0.628098061298174
"76",76,76,13,5,5,5,5,"Tweedsmuir","new",0.195234262,0.436874256736582,0.358503041821044,0.668146483250262
"77",77,77,14,5,5,5,5,"Tweedsmuir","new",0.196597341,0.472237626789728,0.39365740709539,0.705901604767209
"78",78,78,15,5,5,5,5,"Tweedsmuir","new",0.197967595,0.507881818102972,0.42994856384718,0.741026214323039
"79",79,79,16,5,5,5,5,"Tweedsmuir","new",0.19934503,0.543446057914908,0.467008536574005,0.773303038837093
"80",80,80,17,5,5,5,5,"Tweedsmuir","new",0.200729651,0.57857279260341,0.504436201427723,0.802628549318642
"81",81,81,18,5,5,5,5,"Tweedsmuir","new",0.202121461,0.6129218941357,0.541814213410577,0.828999380470842
"82",82,82,19,5,5,5,5,"Tweedsmuir","new",0.203520464,0.646183413997509,0.578727431907356,0.852494326962815
"83",83,83,20,5,5,5,5,"Tweedsmuir","new",0.204926663,0.678087908211302,0.614781140878896,0.873254689284367
"84",84,84,21,5,5,5,5,"Tweedsmuir","new",0.206340061,0.708413683155192,0.64961739231846,0.891465176363301
"85",85,85,22,5,5,5,5,"Tweedsmuir","new",0.207760661,0.736990695436582,0.682928091605928,0.907336857754169
"86",86,86,23,5,5,5,5,"Tweedsmuir","new",0.209188463,0.763701210859892,0.714463924327288,0.921092971893162
"87",87,87,24,5,5,5,5,"Tweedsmuir","new",0.210623468,0.788477630570945,0.744038791096028,0.932957841919399
"88",88,88,25,5,5,5,5,"Tweedsmuir","new",0.212065678,0.81129809265618,0.771529958279535,0.943148763609342
"89",89,89,26,5,5,5,5,"Tweedsmuir","new",0.213515092,0.832180546274538,0.796874559063358,0.951870502112811
"90",90,90,27,5,5,5,5,"Tweedsmuir","new",0.214971709,0.851175985574124,0.820063341809904,0.959311933067997
"91",91,91,28,5,5,5,5,"Tweedsmuir","new",0.216435529,0.868361448125668,0.841132654868054,0.96564435056369
"92",92,92,29,5,5,5,5,"Tweedsmuir","new",0.21790655,0.883833257719608,0.860155606086723,0.971021004268728
"93",93,93,30,5,5,5,5,"Tweedsmuir","new",0.21938477,0.897700851903274,0.877233186786091,0.975577493860074
"94",94,94,0,5,5,5,5,"Graham","new",0.154008264,0.108237131564126,0.0737400979385408,0.170101767744327
"95",95,95,1,5,5,5,5,"Graham","new",0.171231589,0.122799562589012,0.0846559194787583,0.196366816949607
"96",96,96,2,5,5,5,5,"Graham","new",0.18994859,0.139015824741802,0.0970183705452863,0.22558501180058
"97",97,97,3,5,5,5,5,"Graham","new",0.210192624,0.156990274035675,0.110967273852423,0.257756288693534
"98",98,98,4,5,5,5,5,"Graham","new",0.231976334,0.176811513240668,0.126640425723614,0.292781012007839
"99",99,99,5,5,5,5,5,"Graham","new",0.255287923,0.198545927894387,0.14416829290264,0.330446181786781
"100",100,100,6,5,5,5,5,"Graham","new",0.280087803,0.222230770820369,0.163667505154725,0.370418923270327
"101",101,101,7,5,5,5,5,"Graham","new",0.306305948,0.247867197429126,0.185233232427199,0.412249846249994
"102",102,102,8,5,5,5,5,"Graham","new",0.333840222,0.275413790162025,0.208930691414843,0.455387786976603
"103",103,103,9,5,5,5,5,"Graham","new",0.362555994,0.30478122030615,0.234786216680362,0.499205755485285
"104",104,104,10,5,5,5,5,"Graham","new",0.392287248,0.335828749471548,0.262778537528372,0.543035927109335
"105",105,105,11,5,5,5,5,"Graham","new",0.422839323,0.368363241890842,0.292831091709099,0.586209735761769
"106",106,106,12,5,5,5,5,"Graham","new",0.453993275,0.40214122114518,0.324806336923534,0.628098061298174
"107",107,107,13,5,5,5,5,"Graham","new",0.485511714,0.436874256736582,0.358503041821044,0.668146483250262
"108",108,108,14,5,5,5,5,"Graham","new",0.517145815,0.472237626789728,0.39365740709539,0.705901604767209
"109",109,109,15,5,5,5,5,"Graham","new",0.548643084,0.507881818102972,0.42994856384718,0.741026214323039
"110",110,110,16,5,5,5,5,"Graham","new",0.579755367,0.543446057914908,0.467008536574005,0.773303038837093
"111",111,111,17,5,5,5,5,"Graham","new",0.610246567,0.57857279260341,0.504436201427723,0.802628549318642
"112",112,112,18,5,5,5,5,"Graham","new",0.639899576,0.6129218941357,0.541814213410577,0.828999380470842
"113",113,113,19,5,5,5,5,"Graham","new",0.668521994,0.646183413997509,0.578727431907356,0.852494326962815
"114",114,114,20,5,5,5,5,"Graham","new",0.695950363,0.678087908211302,0.614781140878896,0.873254689284367
"115",115,115,21,5,5,5,5,"Graham","new",0.722052761,0.708413683155192,0.64961739231846,0.891465176363301
"116",116,116,22,5,5,5,5,"Graham","new",0.746729788,0.736990695436582,0.682928091605928,0.907336857754169
"117",117,117,23,5,5,5,5,"Graham","new",0.769914055,0.763701210859892,0.714463924327288,0.921092971893162
"118",118,118,24,5,5,5,5,"Graham","new",0.791568424,0.788477630570945,0.744038791096028,0.932957841919399
"119",119,119,25,5,5,5,5,"Graham","new",0.811683289,0.81129809265618,0.771529958279535,0.943148763609342
"120",120,120,26,5,5,5,5,"Graham","new",0.830273181,0.832180546274538,0.796874559063358,0.951870502112811
"121",121,121,27,5,5,5,5,"Graham","new",0.847373023,0.851175985574124,0.820063341809904,0.959311933067997
"122",122,122,28,5,5,5,5,"Graham","new",0.86303427,0.868361448125668,0.841132654868054,0.96564435056369
"123",123,123,29,5,5,5,5,"Graham","new",0.877321154,0.883833257719608,0.860155606086723,0.971021004268728
"124",124,124,30,5,5,5,5,"Graham","new",0.890307188,0.897700851903274,0.877233186786091,0.975577493860074
"125",125,125,0,5,5,5,5,"Calendar","new",0.187854543,0.108237131564126,0.0737400979385408,0.185217916302272
"126",126,126,1,5,5,5,5,"Calendar","new",0.19697165,0.122799562589012,0.0846559194787583,0.218811976840127
"127",127,127,2,5,5,5,5,"Calendar","new",0.206418773,0.139015824741802,0.0970183705452863,0.256580414361212
"128",128,128,3,5,5,5,5,"Calendar","new",0.21619701,0.156990274035675,0.110967273852423,0.298377948618047
"129",129,129,4,5,5,5,5,"Calendar","new",0.226306359,0.176811513240668,0.126640425723614,0.343835240207107
"130",130,130,5,5,5,5,5,"Calendar","new",0.236745639,0.198545927894387,0.14416829290264,0.392345234598826
"131",131,131,6,5,5,5,5,"Calendar","new",0.247512418,0.222230770820369,0.163667505154725,0.443077801966656
"132",132,132,7,5,5,5,5,"Calendar","new",0.258602948,0.247867197429126,0.185233232427199,0.495026266060143
"133",133,133,8,5,5,5,5,"Calendar","new",0.270012106,0.275413790162025,0.208930691414843,0.547082341893076
"134",134,134,9,5,5,5,5,"Calendar","new",0.281733342,0.30478122030615,0.234786216680362,0.598128580731878
"135",135,135,10,5,5,5,5,"Calendar","new",0.293758641,0.335828749471548,0.262778537528372,0.647132433625832
"136",136,136,11,5,5,5,5,"Calendar","new",0.306078492,0.368363241890842,0.292831091709099,0.693225569481901
"137",137,137,12,5,5,5,5,"Calendar","new",0.318681878,0.40214122114518,0.324806336923534,0.735756325546207
"138",138,138,13,5,5,5,5,"Calendar","new",0.331556269,0.436874256736582,0.358503041821044,0.774310339329128
"139",139,139,14,5,5,5,5,"Calendar","new",0.34468764,0.472237626789728,0.39365740709539,0.808701749701624
"140",140,140,15,5,5,5,5,"Calendar","new",0.3580605,0.507881818102972,0.42994856384718,0.838942541285922
"141",141,141,16,5,5,5,5,"Calendar","new",0.371657936,0.543446057914908,0.467008536574005,0.865199663405772
"142",142,142,17,5,5,5,5,"Calendar","new",0.385461678,0.57857279260341,0.504436201427723,0.887748858238963
"143",143,143,18,5,5,5,5,"Calendar","new",0.39945218,0.6129218941357,0.541814213410577,0.906931805813213
"144",144,144,19,5,5,5,5,"Calendar","new",0.413608708,0.646183413997509,0.578727431907356,0.923120416676097
"145",145,145,20,5,5,5,5,"Calendar","new",0.427909462,0.678087908211302,0.614781140878896,0.936689693501912
"146",146,146,21,5,5,5,5,"Calendar","new",0.442331689,0.708413683155192,0.64961739231846,0.947998901461044
"147",147,147,22,5,5,5,5,"Calendar","new",0.45685183,0.736990695436582,0.682928091605928,0.957379849726265
"148",148,148,23,5,5,5,5,"Calendar","new",0.471445667,0.763701210859892,0.714463924327288,0.965130730577525
"149",149,149,24,5,5,5,5,"Calendar","new",0.486088478,0.788477630570945,0.744038791096028,0.971513980414936
"150",150,150,25,5,5,5,5,"Calendar","new",0.50075521,0.81129809265618,0.771529958279535,0.976756839310839
"151",151,151,26,5,5,5,5,"Calendar","new",0.515420642,0.832180546274538,0.796874559063358,0.981053567152125
"152",152,152,27,5,5,5,5,"Calendar","new",0.530059564,0.851175985574124,0.820063341809904,0.984568551168513
"153",153,153,28,5,5,5,5,"Calendar","new",0.544646947,0.868361448125668,0.841132654868054,0.987439776393433
"154",154,154,29,5,5,5,5,"Calendar","new",0.559158116,0.883833257719608,0.860155606086723,0.989782316318345
"155",155,155,30,5,5,5,5,"Calendar","new",0.573568912,0.897700851903274,0.877233186786091,0.991691637738778
"156",156,156,0,5,5,5,5,"Parker","new",0.187854543,0.108237131564126,0.0737400979385408,0.195223071363259
"157",157,157,1,5,5,5,5,"Parker","new",0.19697165,0.122799562589012,0.0846559194787583,0.222796231813021
"158",158,158,2,5,5,5,5,"Parker","new",0.206418773,0.139015824741802,0.0970183705452863,0.25303931705412
"159",159,159,3,5,5,5,5,"Parker","new",0.21619701,0.156990274035675,0.110967273852423,0.285877652876044
"160",160,160,4,5,5,5,5,"Parker","new",0.226306359,0.176811513240668,0.126640425723614,0.321145381796085
"161",161,161,5,5,5,5,5,"Parker","new",0.236745639,0.198545927894387,0.14416829290264,0.358579289805072
"162",162,162,6,5,5,5,5,"Parker","new",0.247512418,0.222230770820369,0.163667505154725,0.397819591188066
"163",163,163,7,5,5,5,5,"Parker","new",0.258602948,0.247867197429126,0.185233232427199,0.438418945282195
"164",164,164,8,5,5,5,5,"Parker","new",0.270012106,0.275413790162025,0.208930691414843,0.479859935971808
"165",165,165,9,5,5,5,5,"Parker","new",0.281733342,0.30478122030615,0.234786216680362,0.521579943589052
"166",166,166,10,5,5,5,5,"Parker","new",0.293758641,0.335828749471548,0.262778537528372,0.563001057894677
"167",167,167,11,5,5,5,5,"Parker","new",0.306078492,0.368363241890842,0.292831091709099,0.603561742688296
"168",168,168,12,5,5,5,5,"Parker","new",0.318681878,0.40214122114518,0.324806336923534,0.642746625550179
"169",169,169,13,5,5,5,5,"Parker","new",0.331556269,0.436874256736582,0.358503041821044,0.680111146769143
"170",170,170,14,5,5,5,5,"Parker","new",0.34468764,0.472237626789728,0.39365740709539,0.71529875648046
"171",171,171,15,5,5,5,5,"Parker","new",0.3580605,0.507881818102972,0.42994856384718,0.748049636144612
"172",172,172,16,5,5,5,5,"Parker","new",0.371657936,0.543446057914908,0.467008536574005,0.778201216818861
"173",173,173,17,5,5,5,5,"Parker","new",0.385461678,0.57857279260341,0.504436201427723,0.805681797167952
"174",174,174,18,5,5,5,5,"Parker","new",0.39945218,0.6129218941357,0.541814213410577,0.83049917424161
"175",175,175,19,5,5,5,5,"Parker","new",0.413608708,0.646183413997509,0.578727431907356,0.852726371395541
"176",176,176,20,5,5,5,5,"Parker","new",0.427909462,0.678087908211302,0.614781140878896,0.872486366186643
"177",177,177,21,5,5,5,5,"Parker","new",0.442331689,0.708413683155192,0.64961739231846,0.889937322535185
"178",178,178,22,5,5,5,5,"Parker","new",0.45685183,0.736990695436582,0.682928091605928,0.905259351630682
"179",179,179,23,5,5,5,5,"Parker","new",0.471445667,0.763701210859892,0.714463924327288,0.918643368835273
"180",180,180,24,5,5,5,5,"Parker","new",0.486088478,0.788477630570945,0.744038791096028,0.930282240413056
"181",181,181,25,5,5,5,5,"Parker","new",0.50075521,0.81129809265618,0.771529958279535,0.94036414711642
"182",182,182,26,5,5,5,5,"Parker","new",0.515420642,0.832180546274538,0.796874559063358,0.949067927437577
"183",183,183,27,5,5,5,5,"Parker","new",0.530059564,0.851175985574124,0.820063341809904,0.956560083105365
"184",184,184,28,5,5,5,5,"Parker","new",0.544646947,0.868361448125668,0.841132654868054,0.962993109817082
"185",185,185,29,5,5,5,5,"Parker","new",0.559158116,0.883833257719608,0.860155606086723,0.968504835234989
"186",186,186,30,5,5,5,5,"Parker","new",0.573568912,0.897700851903274,0.877233186786091,0.973218486229882
"187",187,187,0,5,5,5,5,"Prophet","new",0.187854543,0.108237131564126,0.0737400979385408,0.173919691562528
"188",188,188,1,5,5,5,5,"Prophet","new",0.19697165,0.122799562589012,0.0846559194787583,0.19750308891569
"189",189,189,2,5,5,5,5,"Prophet","new",0.206418773,0.139015824741802,0.0970183705452863,0.223419485901618
"190",190,190,3,5,5,5,5,"Prophet","new",0.21619701,0.156990274035675,0.110967273852423,0.251670131086895
"191",191,191,4,5,5,5,5,"Prophet","new",0.226306359,0.176811513240668,0.126640425723614,0.282194904896663
"192",192,192,5,5,5,5,5,"Prophet","new",0.236745639,0.198545927894387,0.14416829290264,0.314864222097756
"193",193,193,6,5,5,5,5,"Prophet","new",0.247512418,0.222230770820369,0.163667505154725,0.349474257554037
"194",194,194,7,5,5,5,5,"Prophet","new",0.258602948,0.247867197429126,0.185233232427199,0.385746710366033
"195",195,195,8,5,5,5,5,"Prophet","new",0.270012106,0.275413790162025,0.208930691414843,0.423333984513779
"196",196,196,9,5,5,5,5,"Prophet","new",0.281733342,0.30478122030615,0.234786216680362,0.46183008941948
"197",197,197,10,5,5,5,5,"Prophet","new",0.293758641,0.335828749471548,0.262778537528372,0.500786820698111
"198",198,198,11,5,5,5,5,"Prophet","new",0.306078492,0.368363241890842,0.292831091709099,0.53973400149289
"199",199,199,12,5,5,5,5,"Prophet","new",0.318681878,0.40214122114518,0.324806336923534,0.578201914456811
"200",200,200,13,5,5,5,5,"Prophet","new",0.331556269,0.436874256736582,0.358503041821044,0.615743687393333
"201",201,201,14,5,5,5,5,"Prophet","new",0.34468764,0.472237626789728,0.39365740709539,0.651955403444801
"202",202,202,15,5,5,5,5,"Prophet","new",0.3580605,0.507881818102972,0.42994856384718,0.686492087516853
"203",203,203,16,5,5,5,5,"Prophet","new",0.371657936,0.543446057914908,0.467008536574005,0.719078379417357
"204",204,204,17,5,5,5,5,"Prophet","new",0.385461678,0.57857279260341,0.504436201427723,0.749513485701079
"205",205,205,18,5,5,5,5,"Prophet","new",0.39945218,0.6129218941357,0.541814213410577,0.777670740756515
"206",206,206,19,5,5,5,5,"Prophet","new",0.413608708,0.646183413997509,0.578727431907356,0.803492673667575
"207",207,207,20,5,5,5,5,"Prophet","new",0.427909462,0.678087908211302,0.614781140878896,0.826982804312352
"208",208,208,21,5,5,5,5,"Prophet","new",0.442331689,0.708413683155192,0.64961739231846,0.84819547881565
"209",209,209,22,5,5,5,5,"Prophet","new",0.45685183,0.736990695436582,0.682928091605928,0.867224948066851
"210",210,210,23,5,5,5,5,"Prophet","new",0.471445667,0.763701210859892,0.714463924327288,0.884194664136731
"211",211,211,24,5,5,5,5,"Prophet","new",0.486088478,0.788477630570945,0.744038791096028,0.899247489063071
"212",212,212,25,5,5,5,5,"Prophet","new",0.50075521,0.81129809265618,0.771529958279535,0.912537235014259
"213",213,213,26,5,5,5,5,"Prophet","new",0.515420642,0.832180546274538,0.796874559063358,0.924221720127917
"214",214,214,27,5,5,5,5,"Prophet","new",0.530059564,0.851175985574124,0.820063341809904,0.934457346670651
"215",215,215,28,5,5,5,5,"Prophet","new",0.544646947,0.868361448125668,0.841132654868054,0.943395089126447
"216",216,216,29,5,5,5,5,"Prophet","new",0.559158116,0.883833257719608,0.860155606086723,0.951177711934559
"217",217,217,30,5,5,5,5,"Prophet","new",0.573568912,0.897700851903274,0.877233186786091,0.957938008375962
"218",218,218,0,5,5,5,5,"Chinchaga","new",0.187854543,0.108237131564126,0.0737400979385408,0.15922996546251
"219",219,219,1,5,5,5,5,"Chinchaga","new",0.19697165,0.122799562589012,0.0846559194787583,0.190554465336394
"220",220,220,2,5,5,5,5,"Chinchaga","new",0.206418773,0.139015824741802,0.0970183705452863,0.226382038214838
"221",221,221,3,5,5,5,5,"Chinchaga","new",0.21619701,0.156990274035675,0.110967273852423,0.266726125169216
"222",222,222,4,5,5,5,5,"Chinchaga","new",0.226306359,0.176811513240668,0.126640425723614,0.311366266646231
"223",223,223,5,5,5,5,5,"Chinchaga","new",0.236745639,0.198545927894387,0.14416829290264,0.359811509224656
"224",224,224,6,5,5,5,5,"Chinchaga","new",0.247512418,0.222230770820369,0.163667505154725,0.411292438559099
"225",225,225,7,5,5,5,5,"Chinchaga","new",0.258602948,0.247867197429126,0.185233232427199,0.464791419098697
"226",226,226,8,5,5,5,5,"Chinchaga","new",0.270012106,0.275413790162025,0.208930691414843,0.519113050694162
"227",227,227,9,5,5,5,5,"Chinchaga","new",0.281733342,0.30478122030615,0.234786216680362,0.572986553251214
"228",228,228,10,5,5,5,5,"Chinchaga","new",0.293758641,0.335828749471548,0.262778537528372,0.62518241810114
"229",229,229,11,5,5,5,5,"Chinchaga","new",0.306078492,0.368363241890842,0.292831091709099,0.674621196099614
"230",230,230,12,5,5,5,5,"Chinchaga","new",0.318681878,0.40214122114518,0.324806336923534,0.720454775324522
"231",231,231,13,5,5,5,5,"Chinchaga","new",0.331556269,0.436874256736582,0.358503041821044,0.762108787320497
"232",232,232,14,5,5,5,5,"Chinchaga","new",0.34468764,0.472237626789728,0.39365740709539,0.799285243266712
"233",233,233,15,5,5,5,5,"Chinchaga","new",0.3580605,0.507881818102972,0.42994856384718,0.831933164318135
"234",234,234,16,5,5,5,5,"Chinchaga","new",0.371657936,0.543446057914908,0.467008536574005,0.860199465523611
"235",235,235,17,5,5,5,5,"Chinchaga","new",0.385461678,0.57857279260341,0.504436201427723,0.88437253894644
"236",236,236,18,5,5,5,5,"Chinchaga","new",0.39945218,0.6129218941357,0.541814213410577,0.90482826692539
"237",237,237,19,5,5,5,5,"Chinchaga","new",0.413608708,0.646183413997509,0.578727431907356,0.921984397391571
"238",238,238,20,5,5,5,5,"Chinchaga","new",0.427909462,0.678087908211302,0.614781140878896,0.936265718364115
"239",239,239,21,5,5,5,5,"Chinchaga","new",0.442331689,0.708413683155192,0.64961739231846,0.948079960095486
"240",240,240,22,5,5,5,5,"Chinchaga","new",0.45685183,0.736990695436582,0.682928091605928,0.957802930635442
"241",241,241,23,5,5,5,5,"Chinchaga","new",0.471445667,0.763701210859892,0.714463924327288,0.965770835996228
"242",242,242,24,5,5,5,5,"Chinchaga","new",0.486088478,0.788477630570945,0.744038791096028,0.972277740395226
"243",243,243,25,5,5,5,5,"Chinchaga","new",0.50075521,0.81129809265618,0.771529958279535,0.977576413554012
"244",244,244,26,5,5,5,5,"Chinchaga","new",0.515420642,0.832180546274538,0.796874559063358,0.981881201981605
"245",245,245,27,5,5,5,5,"Chinchaga","new",0.530059564,0.851175985574124,0.820063341809904,0.985371940881589
"246",246,246,28,5,5,5,5,"Chinchaga","new",0.544646947,0.868361448125668,0.841132654868054,0.988198242940888
"247",247,247,29,5,5,5,5,"Chinchaga","new",0.559158116,0.883833257719608,0.860155606086723,0.990483746038465
"248",248,248,30,5,5,5,5,"Chinchaga","new",0.573568912,0.897700851903274,0.877233186786091,0.992330078774402
"249",249,249,0,5,5,5,5,"Snake-Sahtaneh","new",0.187854543,0.108237131564126,0.0737400979385408,0.14932914563973
"250",250,250,1,5,5,5,5,"Snake-Sahtaneh","new",0.19697165,0.122799562589012,0.0846559194787583,0.168886171996652
"251",251,251,2,5,5,5,5,"Snake-Sahtaneh","new",0.206418773,0.139015824741802,0.0970183705452863,0.190431128684913
"252",252,252,3,5,5,5,5,"Snake-Sahtaneh","new",0.21619701,0.156990274035675,0.110967273852423,0.214016836662734
"253",253,253,4,5,5,5,5,"Snake-Sahtaneh","new",0.226306359,0.176811513240668,0.126640425723614,0.239658966901691
"254",254,254,5,5,5,5,5,"Snake-Sahtaneh","new",0.236745639,0.198545927894387,0.14416829290264,0.267328431422427
"255",255,255,6,5,5,5,5,"Snake-Sahtaneh","new",0.247512418,0.222230770820369,0.163667505154725,0.296944832796268
"256",256,256,7,5,5,5,5,"Snake-Sahtaneh","new",0.258602948,0.247867197429126,0.185233232427199,0.328371796921014
"257",257,257,8,5,5,5,5,"Snake-Sahtaneh","new",0.270012106,0.275413790162025,0.208930691414843,0.361415011254835
"258",258,258,9,5,5,5,5,"Snake-Sahtaneh","new",0.281733342,0.30478122030615,0.234786216680362,0.395823661165516
"259",259,259,10,5,5,5,5,"Snake-Sahtaneh","new",0.293758641,0.335828749471548,0.262778537528372,0.431295688068091
"260",260,260,11,5,5,5,5,"Snake-Sahtaneh","new",0.306078492,0.368363241890842,0.292831091709099,0.46748690142947
"261",261,261,12,5,5,5,5,"Snake-Sahtaneh","new",0.318681878,0.40214122114518,0.324806336923534,0.504023512955847
"262",262,262,13,5,5,5,5,"Snake-Sahtaneh","new",0.331556269,0.436874256736582,0.358503041821044,0.540517203508368
"263",263,263,14,5,5,5,5,"Snake-Sahtaneh","new",0.34468764,0.472237626789728,0.39365740709539,0.576581470785841
"264",264,264,15,5,5,5,5,"Snake-Sahtaneh","new",0.3580605,0.507881818102972,0.42994856384718,0.611847815548679
"265",265,265,16,5,5,5,5,"Snake-Sahtaneh","new",0.371657936,0.543446057914908,0.467008536574005,0.645980348389462
"266",266,266,17,5,5,5,5,"Snake-Sahtaneh","new",0.385461678,0.57857279260341,0.504436201427723,0.678687632335945
"267",267,267,18,5,5,5,5,"Snake-Sahtaneh","new",0.39945218,0.6129218941357,0.541814213410577,0.709730967451386
"268",268,268,19,5,5,5,5,"Snake-Sahtaneh","new",0.413608708,0.646183413997509,0.578727431907356,0.73892879029393
"269",269,269,20,5,5,5,5,"Snake-Sahtaneh","new",0.427909462,0.678087908211302,0.614781140878896,0.766157314912377
"270",270,270,21,5,5,5,5,"Snake-Sahtaneh","new",0.442331689,0.708413683155192,0.64961739231846,0.791347909848196
"271",271,271,22,5,5,5,5,"Snake-Sahtaneh","new",0.45685183,0.736990695436582,0.682928091605928,0.814481944217264
"272",272,272,23,5,5,5,5,"Snake-Sahtaneh","new",0.471445667,0.763701210859892,0.714463924327288,0.835583935630125
"273",273,273,24,5,5,5,5,"Snake-Sahtaneh","new",0.486088478,0.788477630570945,0.744038791096028,0.854713811226349
"274",274,274,25,5,5,5,5,"Snake-Sahtaneh","new",0.50075521,0.81129809265618,0.771529958279535,0.871958984563947
"275",275,275,26,5,5,5,5,"Snake-Sahtaneh","new",0.515420642,0.832180546274538,0.796874559063358,0.887426794352404
"276",276,276,27,5,5,5,5,"Snake-Sahtaneh","new",0.530059564,0.851175985574124,0.820063341809904,0.901237680664933
"277",277,277,28,5,5,5,5,"Snake-Sahtaneh","new",0.544646947,0.868361448125668,0.841132654868054,0.91351931578978
"278",278,278,29,5,5,5,5,"Snake-Sahtaneh","new",0.559158116,0.883833257719608,0.860155606086723,0.924401775391715
"279",279,279,30,5,5,5,5,"Snake-Sahtaneh","new",0.573568912,0.897700851903274,0.877233186786091,0.934013737186202
"280",280,280,0,5,5,5,5,"Maxhamish","new",0.187854543,0.108237131564126,0.0737400979385408,0.160447490868466
"281",281,281,1,5,5,5,5,"Maxhamish","new",0.19697165,0.122799562589012,0.0846559194787583,0.182200686895266
"282",282,282,2,5,5,5,5,"Maxhamish","new",0.206418773,0.139015824741802,0.0970183705452863,0.206178858994426
"283",283,283,3,5,5,5,5,"Maxhamish","new",0.21619701,0.156990274035675,0.110967273852423,0.23241582114113
"284",284,284,4,5,5,5,5,"Maxhamish","new",0.226306359,0.176811513240668,0.126640425723614,0.260894227622693
"285",285,285,5,5,5,5,5,"Maxhamish","new",0.236745639,0.198545927894387,0.14416829290264,0.291536796505612
"286",286,286,6,5,5,5,5,"Maxhamish","new",0.247512418,0.222230770820369,0.163667505154725,0.324199726687387
"287",287,287,7,5,5,5,5,"Maxhamish","new",0.258602948,0.247867197429126,0.185233232427199,0.358669463361378
"288",288,288,8,5,5,5,5,"Maxhamish","new",0.270012106,0.275413790162025,0.208930691414843,0.394663821686885
"289",289,289,9,5,5,5,5,"Maxhamish","new",0.281733342,0.30478122030615,0.234786216680362,0.43183812253058
"290",290,290,10,5,5,5,5,"Maxhamish","new",0.293758641,0.335828749471548,0.262778537528372,0.469796445458966
"291",291,291,11,5,5,5,5,"Maxhamish","new",0.306078492,0.368363241890842,0.292831091709099,0.508107436417851
"292",292,292,12,5,5,5,5,"Maxhamish","new",0.318681878,0.40214122114518,0.324806336923534,0.546323442072685
"293",293,293,13,5,5,5,5,"Maxhamish","new",0.331556269,0.436874256736582,0.358503041821044,0.584001221038549
"294",294,294,14,5,5,5,5,"Maxhamish","new",0.34468764,0.472237626789728,0.39365740709539,0.620722225422656
"295",295,295,15,5,5,5,5,"Maxhamish","new",0.3580605,0.507881818102972,0.42994856384718,0.656110516658029
"296",296,296,16,5,5,5,5,"Maxhamish","new",0.371657936,0.543446057914908,0.467008536574005,0.689846760207111
"297",297,297,17,5,5,5,5,"Maxhamish","new",0.385461678,0.57857279260341,0.504436201427723,0.721677343174721
"298",298,298,18,5,5,5,5,"Maxhamish","new",0.39945218,0.6129218941357,0.541814213410577,0.751418342226254
"299",299,299,19,5,5,5,5,"Maxhamish","new",0.413608708,0.646183413997509,0.578727431907356,0.778954699076685
"300",300,300,20,5,5,5,5,"Maxhamish","new",0.427909462,0.678087908211302,0.614781140878896,0.804235433727456
"301",301,301,21,5,5,5,5,"Maxhamish","new",0.442331689,0.708413683155192,0.64961739231846,0.827265991555588
"302",302,302,22,5,5,5,5,"Maxhamish","new",0.45685183,0.736990695436582,0.682928091605928,0.848098882572599
"303",303,303,23,5,5,5,5,"Maxhamish","new",0.471445667,0.763701210859892,0.714463924327288,0.86682367150333
"304",304,304,24,5,5,5,5,"Maxhamish","new",0.486088478,0.788477630570945,0.744038791096028,0.883557175649936
"305",305,305,25,5,5,5,5,"Maxhamish","new",0.50075521,0.81129809265618,0.771529958279535,0.898434483263675
"306",306,306,26,5,5,5,5,"Maxhamish","new",0.515420642,0.832180546274538,0.796874559063358,0.911601165479856
"307",307,307,27,5,5,5,5,"Maxhamish","new",0.530059564,0.851175985574124,0.820063341809904,0.923206849894895
"308",308,308,28,5,5,5,5,"Maxhamish","new",0.544646947,0.868361448125668,0.841132654868054,0.933400167520349
"309",309,309,29,5,5,5,5,"Maxhamish","new",0.559158116,0.883833257719608,0.860155606086723,0.942324978765049
"310",310,310,30,5,5,5,5,"Maxhamish","new",0.573568912,0.897700851903274,0.877233186786091,0.950117722266456
"311",311,311,0,5,5,5,5,"Rainbows","new",0.405189072,0.108237131564126,0.0737400979385408,0.170101767744327
"312",312,312,1,5,5,5,5,"Rainbows","new",0.403677892,0.122799562589012,0.0846559194787583,0.196366816949607
"313",313,313,2,5,5,5,5,"Rainbows","new",0.402168538,0.139015824741802,0.0970183705452863,0.22558501180058
"314",314,314,3,5,5,5,5,"Rainbows","new",0.400661035,0.156990274035675,0.110967273852423,0.257756288693534
"315",315,315,4,5,5,5,5,"Rainbows","new",0.39915541,0.176811513240668,0.126640425723614,0.292781012007839
"316",316,316,5,5,5,5,5,"Rainbows","new",0.397651689,0.198545927894387,0.14416829290264,0.330446181786781
"317",317,317,6,5,5,5,5,"Rainbows","new",0.396149897,0.222230770820369,0.163667505154725,0.370418923270327
"318",318,318,7,5,5,5,5,"Rainbows","new",0.394650062,0.247867197429126,0.185233232427199,0.412249846249994
"319",319,319,8,5,5,5,5,"Rainbows","new",0.393152208,0.275413790162025,0.208930691414843,0.455387786976603
"320",320,320,9,5,5,5,5,"Rainbows","new",0.391656361,0.30478122030615,0.234786216680362,0.499205755485285
"321",321,321,10,5,5,5,5,"Rainbows","new",0.390162545,0.335828749471548,0.262778537528372,0.543035927109335
"322",322,322,11,5,5,5,5,"Rainbows","new",0.388670788,0.368363241890842,0.292831091709099,0.586209735761769
"323",323,323,12,5,5,5,5,"Rainbows","new",0.387181112,0.40214122114518,0.324806336923534,0.628098061298174
"324",324,324,13,5,5,5,5,"Rainbows","new",0.385693544,0.436874256736582,0.358503041821044,0.668146483250262
"325",325,325,14,5,5,5,5,"Rainbows","new",0.384208109,0.472237626789728,0.39365740709539,0.705901604767209
"326",326,326,15,5,5,5,5,"Rainbows","new",0.382724829,0.507881818102972,0.42994856384718,0.741026214323039
"327",327,327,16,5,5,5,5,"Rainbows","new",0.381243731,0.543446057914908,0.467008536574005,0.773303038837093
"328",328,328,17,5,5,5,5,"Rainbows","new",0.379764839,0.57857279260341,0.504436201427723,0.802628549318642
"329",329,329,18,5,5,5,5,"Rainbows","new",0.378288175,0.6129218941357,0.541814213410577,0.828999380470842
"330",330,330,19,5,5,5,5,"Rainbows","new",0.376813766,0.646183413997509,0.578727431907356,0.852494326962815
"331",331,331,20,5,5,5,5,"Rainbows","new",0.375341633,0.678087908211302,0.614781140878896,0.873254689284367
"332",332,332,21,5,5,5,5,"Rainbows","new",0.373871802,0.708413683155192,0.64961739231846,0.891465176363301
"333",333,333,22,5,5,5,5,"Rainbows","new",0.372404294,0.736990695436582,0.682928091605928,0.907336857754169
"334",334,334,23,5,5,5,5,"Rainbows","new",0.370939135,0.763701210859892,0.714463924327288,0.921092971893162
"335",335,335,24,5,5,5,5,"Rainbows","new",0.369476346,0.788477630570945,0.744038791096028,0.932957841919399
"336",336,336,25,5,5,5,5,"Rainbows","new",0.368015951,0.81129809265618,0.771529958279535,0.943148763609342
"337",337,337,26,5,5,5,5,"Rainbows","new",0.366557973,0.832180546274538,0.796874559063358,0.951870502112811
"338",338,338,27,5,5,5,5,"Rainbows","new",0.365102434,0.851175985574124,0.820063341809904,0.959311933067997
"339",339,339,28,5,5,5,5,"Rainbows","new",0.363649356,0.868361448125668,0.841132654868054,0.96564435056369
"340",340,340,29,5,5,5,5,"Rainbows","new",0.362198762,0.883833257719608,0.860155606086723,0.971021004268728
"341",341,341,30,5,5,5,5,"Rainbows","new",0.360750675,0.897700851903274,0.877233186786091,0.975577493860074
"342",342,342,0,5,5,5,5,"Charlotte Alplands","new",0.235361152,0.108237131564126,0.0737400979385408,0.170101767744327
"343",343,343,1,5,5,5,5,"Charlotte Alplands","new",0.273050741,0.122799562589012,0.0846559194787583,0.196366816949607
"344",344,344,2,5,5,5,5,"Charlotte Alplands","new",0.314294973,0.139015824741802,0.0970183705452863,0.22558501180058
"345",345,345,3,5,5,5,5,"Charlotte Alplands","new",0.358695129,0.156990274035675,0.110967273852423,0.257756288693534
"346",346,346,4,5,5,5,5,"Charlotte Alplands","new",0.405656976,0.176811513240668,0.126640425723614,0.292781012007839
"347",347,347,5,5,5,5,5,"Charlotte Alplands","new",0.45441065,0.198545927894387,0.14416829290264,0.330446181786781
"348",348,348,6,5,5,5,5,"Charlotte Alplands","new",0.504054451,0.222230770820369,0.163667505154725,0.370418923270327
"349",349,349,7,5,5,5,5,"Charlotte Alplands","new",0.553618436,0.247867197429126,0.185233232427199,0.412249846249994
"350",350,350,8,5,5,5,5,"Charlotte Alplands","new",0.60213886,0.275413790162025,0.208930691414843,0.455387786976603
"351",351,351,9,5,5,5,5,"Charlotte Alplands","new",0.648731601,0.30478122030615,0.234786216680362,0.499205755485285
"352",352,352,10,5,5,5,5,"Charlotte Alplands","new",0.692653035,0.335828749471548,0.262778537528372,0.543035927109335
"353",353,353,11,5,5,5,5,"Charlotte Alplands","new",0.733340068,0.368363241890842,0.292831091709099,0.586209735761769
"354",354,354,12,5,5,5,5,"Charlotte Alplands","new",0.770426106,0.40214122114518,0.324806336923534,0.628098061298174
"355",355,355,13,5,5,5,5,"Charlotte Alplands","new",0.803734748,0.436874256736582,0.358503041821044,0.668146483250262
"356",356,356,14,5,5,5,5,"Charlotte Alplands","new",0.833256619,0.472237626789728,0.39365740709539,0.705901604767209
"357",357,357,15,5,5,5,5,"Charlotte Alplands","new",0.859116243,0.507881818102972,0.42994856384718,0.741026214323039
"358",358,358,16,5,5,5,5,"Charlotte Alplands","new",0.881535564,0.543446057914908,0.467008536574005,0.773303038837093
"359",359,359,17,5,5,5,5,"Charlotte Alplands","new",0.900799173,0.57857279260341,0.504436201427723,0.802628549318642
"360",360,360,18,5,5,5,5,"Charlotte Alplands","new",0.917224446,0.6129218941357,0.541814213410577,0.828999380470842
"361",361,361,19,5,5,5,5,"Charlotte Alplands","new",0.931137992,0.646183413997509,0.578727431907356,0.852494326962815
"362",362,362,20,5,5,5,5,"Charlotte Alplands","new",0.942858539,0.678087908211302,0.614781140878896,0.873254689284367
"363",363,363,21,5,5,5,5,"Charlotte Alplands","new",0.952685577,0.708413683155192,0.64961739231846,0.891465176363301
"364",364,364,22,5,5,5,5,"Charlotte Alplands","new",0.960892684,0.736990695436582,0.682928091605928,0.907336857754169
"365",365,365,23,5,5,5,5,"Charlotte Alplands","new",0.967724425,0.763701210859892,0.714463924327288,0.921092971893162
"366",366,366,24,5,5,5,5,"Charlotte Alplands","new",0.973395758,0.788477630570945,0.744038791096028,0.932957841919399
"367",367,367,25,5,5,5,5,"Charlotte Alplands","new",0.978093106,0.81129809265618,0.771529958279535,0.943148763609342
"368",368,368,26,5,5,5,5,"Charlotte Alplands","new",0.98197643,0.832180546274538,0.796874559063358,0.951870502112811
"369",369,369,27,5,5,5,5,"Charlotte Alplands","new",0.985181805,0.851175985574124,0.820063341809904,0.959311933067997
"370",370,370,28,5,5,5,5,"Charlotte Alplands","new",0.987824193,0.868361448125668,0.841132654868054,0.96564435056369
"371",371,371,29,5,5,5,5,"Charlotte Alplands","new",0.990000172,0.883833257719608,0.860155606086723,0.971021004268728
"372",372,372,30,5,5,5,5,"Charlotte Alplands","new",0.991790507,0.897700851903274,0.877233186786091,0.975577493860074
"373",373,373,0,5,5,5,5,"Spatsizi","new",0.153998281,0.108237131564126,0.0737400979385408,0.170101767744327
"374",374,374,1,5,5,5,5,"Spatsizi","new",0.158071463,0.122799562589012,0.0846559194787583,0.196366816949607
"375",375,375,2,5,5,5,5,"Spatsizi","new",0.16223172,0.139015824741802,0.0970183705452863,0.22558501180058
"376",376,376,3,5,5,5,5,"Spatsizi","new",0.166479819,0.156990274035675,0.110967273852423,0.257756288693534
"377",377,377,4,5,5,5,5,"Spatsizi","new",0.170816475,0.176811513240668,0.126640425723614,0.292781012007839
"378",378,378,5,5,5,5,5,"Spatsizi","new",0.175242347,0.198545927894387,0.14416829290264,0.330446181786781
"379",379,379,6,5,5,5,5,"Spatsizi","new",0.179758033,0.222230770820369,0.163667505154725,0.370418923270327
"380",380,380,7,5,5,5,5,"Spatsizi","new",0.18436407,0.247867197429126,0.185233232427199,0.412249846249994
"381",381,381,8,5,5,5,5,"Spatsizi","new",0.189060926,0.275413790162025,0.208930691414843,0.455387786976603
"382",382,382,9,5,5,5,5,"Spatsizi","new",0.193849001,0.30478122030615,0.234786216680362,0.499205755485285
"383",383,383,10,5,5,5,5,"Spatsizi","new",0.19872862,0.335828749471548,0.262778537528372,0.543035927109335
"384",384,384,11,5,5,5,5,"Spatsizi","new",0.203700033,0.368363241890842,0.292831091709099,0.586209735761769
"385",385,385,12,5,5,5,5,"Spatsizi","new",0.208763409,0.40214122114518,0.324806336923534,0.628098061298174
"386",386,386,13,5,5,5,5,"Spatsizi","new",0.213918835,0.436874256736582,0.358503041821044,0.668146483250262
"387",387,387,14,5,5,5,5,"Spatsizi","new",0.219166309,0.472237626789728,0.39365740709539,0.705901604767209
"388",388,388,15,5,5,5,5,"Spatsizi","new",0.224505741,0.507881818102972,0.42994856384718,0.741026214323039
"389",389,389,16,5,5,5,5,"Spatsizi","new",0.22993695,0.543446057914908,0.467008536574005,0.773303038837093
"390",390,390,17,5,5,5,5,"Spatsizi","new",0.235459656,0.57857279260341,0.504436201427723,0.802628549318642
"391",391,391,18,5,5,5,5,"Spatsizi","new",0.241073482,0.6129218941357,0.541814213410577,0.828999380470842
"392",392,392,19,5,5,5,5,"Spatsizi","new",0.246777951,0.646183413997509,0.578727431907356,0.852494326962815
"393",393,393,20,5,5,5,5,"Spatsizi","new",0.25257248,0.678087908211302,0.614781140878896,0.873254689284367
"394",394,394,21,5,5,5,5,"Spatsizi","new",0.258456383,0.708413683155192,0.64961739231846,0.891465176363301
"395",395,395,22,5,5,5,5,"Spatsizi","new",0.264428862,0.736990695436582,0.682928091605928,0.907336857754169
"396",396,396,23,5,5,5,5,"Spatsizi","new",0.270489013,0.763701210859892,0.714463924327288,0.921092971893162
"397",397,397,24,5,5,5,5,"Spatsizi","new",0.276635817,0.788477630570945,0.744038791096028,0.932957841919399
"398",398,398,25,5,5,5,5,"Spatsizi","new",0.282868143,0.81129809265618,0.771529958279535,0.943148763609342
"399",399,399,26,5,5,5,5,"Spatsizi","new",0.289184745,0.832180546274538,0.796874559063358,0.951870502112811
"400",400,400,27,5,5,5,5,"Spatsizi","new",0.295584262,0.851175985574124,0.820063341809904,0.959311933067997
"401",401,401,28,5,5,5,5,"Spatsizi","new",0.302065215,0.868361448125668,0.841132654868054,0.96564435056369
"402",402,402,29,5,5,5,5,"Spatsizi","new",0.30862601,0.883833257719608,0.860155606086723,0.971021004268728
"403",403,403,30,5,5,5,5,"Spatsizi","new",0.315264936,0.897700851903274,0.877233186786091,0.975577493860074
"404",404,404,0,5,5,5,5,"Pink Mountain","new",0.076689974,0.108237131564126,0.0737400979385408,0.170101767744327
"405",405,405,1,5,5,5,5,"Pink Mountain","new",0.086446822,0.122799562589012,0.0846559194787583,0.196366816949607
"406",406,406,2,5,5,5,5,"Pink Mountain","new",0.097314149,0.139015824741802,0.0970183705452863,0.22558501180058
"407",407,407,3,5,5,5,5,"Pink Mountain","new",0.109384045,0.156990274035675,0.110967273852423,0.257756288693534
"408",408,408,4,5,5,5,5,"Pink Mountain","new",0.122747407,0.176811513240668,0.126640425723614,0.292781012007839
"409",409,409,5,5,5,5,5,"Pink Mountain","new",0.137491324,0.198545927894387,0.14416829290264,0.330446181786781
"410",410,410,6,5,5,5,5,"Pink Mountain","new",0.153695942,0.222230770820369,0.163667505154725,0.370418923270327
"411",411,411,7,5,5,5,5,"Pink Mountain","new",0.171430822,0.247867197429126,0.185233232427199,0.412249846249994
"412",412,412,8,5,5,5,5,"Pink Mountain","new",0.190750871,0.275413790162025,0.208930691414843,0.455387786976603
"413",413,413,9,5,5,5,5,"Pink Mountain","new",0.211691974,0.30478122030615,0.234786216680362,0.499205755485285
"414",414,414,10,5,5,5,5,"Pink Mountain","new",0.234266524,0.335828749471548,0.262778537528372,0.543035927109335
"415",415,415,11,5,5,5,5,"Pink Mountain","new",0.258459117,0.368363241890842,0.292831091709099,0.586209735761769
"416",416,416,12,5,5,5,5,"Pink Mountain","new",0.284222734,0.40214122114518,0.324806336923534,0.628098061298174
"417",417,417,13,5,5,5,5,"Pink Mountain","new",0.311475784,0.436874256736582,0.358503041821044,0.668146483250262
"418",418,418,14,5,5,5,5,"Pink Mountain","new",0.340100372,0.472237626789728,0.39365740709539,0.705901604767209
"419",419,419,15,5,5,5,5,"Pink Mountain","new",0.369942145,0.507881818102972,0.42994856384718,0.741026214323039
"420",420,420,16,5,5,5,5,"Pink Mountain","new",0.40081196,0.543446057914908,0.467008536574005,0.773303038837093
"421",421,421,17,5,5,5,5,"Pink Mountain","new",0.432489514,0.57857279260341,0.504436201427723,0.802628549318642
"422",422,422,18,5,5,5,5,"Pink Mountain","new",0.464728878,0.6129218941357,0.541814213410577,0.828999380470842
"423",423,423,19,5,5,5,5,"Pink Mountain","new",0.497265709,0.646183413997509,0.578727431907356,0.852494326962815
"424",424,424,20,5,5,5,5,"Pink Mountain","new",0.529825714,0.678087908211302,0.614781140878896,0.873254689284367
"425",425,425,21,5,5,5,5,"Pink Mountain","new",0.562133821,0.708413683155192,0.64961739231846,0.891465176363301
"426",426,426,22,5,5,5,5,"Pink Mountain","new",0.593923399,0.736990695436582,0.682928091605928,0.907336857754169
"427",427,427,23,5,5,5,5,"Pink Mountain","new",0.624944886,0.763701210859892,0.714463924327288,0.921092971893162
"428",428,428,24,5,5,5,5,"Pink Mountain","new",0.654973243,0.788477630570945,0.744038791096028,0.932957841919399
"429",429,429,25,5,5,5,5,"Pink Mountain","new",0.683813794,0.81129809265618,0.771529958279535,0.943148763609342
"430",430,430,26,5,5,5,5,"Pink Mountain","new",0.71130618,0.832180546274538,0.796874559063358,0.951870502112811
"431",431,431,27,5,5,5,5,"Pink Mountain","new",0.737326352,0.851175985574124,0.820063341809904,0.959311933067997
"432",432,432,28,5,5,5,5,"Pink Mountain","new",0.761786711,0.868361448125668,0.841132654868054,0.96564435056369
"433",433,433,29,5,5,5,5,"Pink Mountain","new",0.784634615,0.883833257719608,0.860155606086723,0.971021004268728
"434",434,434,30,5,5,5,5,"Pink Mountain","new",0.805849605,0.897700851903274,0.877233186786091,0.975577493860074
"435",435,435,0,5,5,5,5,"Muskwa","new",0.050344067,0.108237131564126,0.0737400979385408,0.170101767744327
"436",436,436,1,5,5,5,5,"Muskwa","new",0.051163042,0.122799562589012,0.0846559194787583,0.196366816949607
"437",437,437,2,5,5,5,5,"Muskwa","new",0.051994609,0.139015824741802,0.0970183705452863,0.22558501180058
"438",438,438,3,5,5,5,5,"Muskwa","new",0.05283894,0.156990274035675,0.110967273852423,0.257756288693534
"439",439,439,4,5,5,5,5,"Muskwa","new",0.053696205,0.176811513240668,0.126640425723614,0.292781012007839
"440",440,440,5,5,5,5,5,"Muskwa","new",0.054566577,0.198545927894387,0.14416829290264,0.330446181786781
"441",441,441,6,5,5,5,5,"Muskwa","new",0.05545023,0.222230770820369,0.163667505154725,0.370418923270327
"442",442,442,7,5,5,5,5,"Muskwa","new",0.05634734,0.247867197429126,0.185233232427199,0.412249846249994
"443",443,443,8,5,5,5,5,"Muskwa","new",0.057258085,0.275413790162025,0.208930691414843,0.455387786976603
"444",444,444,9,5,5,5,5,"Muskwa","new",0.058182642,0.30478122030615,0.234786216680362,0.499205755485285
"445",445,445,10,5,5,5,5,"Muskwa","new",0.059121192,0.335828749471548,0.262778537528372,0.543035927109335
"446",446,446,11,5,5,5,5,"Muskwa","new",0.060073917,0.368363241890842,0.292831091709099,0.586209735761769
"447",447,447,12,5,5,5,5,"Muskwa","new",0.061040998,0.40214122114518,0.324806336923534,0.628098061298174
"448",448,448,13,5,5,5,5,"Muskwa","new",0.06202262,0.436874256736582,0.358503041821044,0.668146483250262
"449",449,449,14,5,5,5,5,"Muskwa","new",0.063018968,0.472237626789728,0.39365740709539,0.705901604767209
"450",450,450,15,5,5,5,5,"Muskwa","new",0.06403023,0.507881818102972,0.42994856384718,0.741026214323039
"451",451,451,16,5,5,5,5,"Muskwa","new",0.065056592,0.543446057914908,0.467008536574005,0.773303038837093
"452",452,452,17,5,5,5,5,"Muskwa","new",0.066098245,0.57857279260341,0.504436201427723,0.802628549318642
"453",453,453,18,5,5,5,5,"Muskwa","new",0.067155378,0.6129218941357,0.541814213410577,0.828999380470842
"454",454,454,19,5,5,5,5,"Muskwa","new",0.068228183,0.646183413997509,0.578727431907356,0.852494326962815
"455",455,455,20,5,5,5,5,"Muskwa","new",0.069316852,0.678087908211302,0.614781140878896,0.873254689284367
"456",456,456,21,5,5,5,5,"Muskwa","new",0.07042158,0.708413683155192,0.64961739231846,0.891465176363301
"457",457,457,22,5,5,5,5,"Muskwa","new",0.07154256,0.736990695436582,0.682928091605928,0.907336857754169
"458",458,458,23,5,5,5,5,"Muskwa","new",0.07267999,0.763701210859892,0.714463924327288,0.921092971893162
"459",459,459,24,5,5,5,5,"Muskwa","new",0.073834065,0.788477630570945,0.744038791096028,0.932957841919399
"460",460,460,25,5,5,5,5,"Muskwa","new",0.075004983,0.81129809265618,0.771529958279535,0.943148763609342
"461",461,461,26,5,5,5,5,"Muskwa","new",0.076192942,0.832180546274538,0.796874559063358,0.951870502112811
"462",462,462,27,5,5,5,5,"Muskwa","new",0.077398143,0.851175985574124,0.820063341809904,0.959311933067997
"463",463,463,28,5,5,5,5,"Muskwa","new",0.078620785,0.868361448125668,0.841132654868054,0.96564435056369
"464",464,464,29,5,5,5,5,"Muskwa","new",0.079861069,0.883833257719608,0.860155606086723,0.971021004268728
"465",465,465,30,5,5,5,5,"Muskwa","new",0.081119197,0.897700851903274,0.877233186786091,0.975577493860074
"466",466,466,0,5,5,5,5,"Frog","new",0.217667485,0.108237131564126,0.0737400979385408,0.170101767744327
"467",467,467,1,5,5,5,5,"Frog","new",0.221926966,0.122799562589012,0.0846559194787583,0.196366816949607
"468",468,468,2,5,5,5,5,"Frog","new",0.226245695,0.139015824741802,0.0970183705452863,0.22558501180058
"469",469,469,3,5,5,5,5,"Frog","new",0.230623555,0.156990274035675,0.110967273852423,0.257756288693534
"470",470,470,4,5,5,5,5,"Frog","new",0.235060393,0.176811513240668,0.126640425723614,0.292781012007839
"471",471,471,5,5,5,5,5,"Frog","new",0.239556012,0.198545927894387,0.14416829290264,0.330446181786781
"472",472,472,6,5,5,5,5,"Frog","new",0.244110172,0.222230770820369,0.163667505154725,0.370418923270327
"473",473,473,7,5,5,5,5,"Frog","new",0.248722593,0.247867197429126,0.185233232427199,0.412249846249994
"474",474,474,8,5,5,5,5,"Frog","new",0.25339295,0.275413790162025,0.208930691414843,0.455387786976603
"475",475,475,9,5,5,5,5,"Frog","new",0.258120874,0.30478122030615,0.234786216680362,0.499205755485285
"476",476,476,10,5,5,5,5,"Frog","new",0.262905949,0.335828749471548,0.262778537528372,0.543035927109335
"477",477,477,11,5,5,5,5,"Frog","new",0.267747717,0.368363241890842,0.292831091709099,0.586209735761769
"478",478,478,12,5,5,5,5,"Frog","new",0.272645669,0.40214122114518,0.324806336923534,0.628098061298174
"479",479,479,13,5,5,5,5,"Frog","new",0.277599253,0.436874256736582,0.358503041821044,0.668146483250262
"480",480,480,14,5,5,5,5,"Frog","new",0.282607868,0.472237626789728,0.39365740709539,0.705901604767209
"481",481,481,15,5,5,5,5,"Frog","new",0.287670866,0.507881818102972,0.42994856384718,0.741026214323039
"482",482,482,16,5,5,5,5,"Frog","new",0.292787549,0.543446057914908,0.467008536574005,0.773303038837093
"483",483,483,17,5,5,5,5,"Frog","new",0.297957173,0.57857279260341,0.504436201427723,0.802628549318642
"484",484,484,18,5,5,5,5,"Frog","new",0.303178944,0.6129218941357,0.541814213410577,0.828999380470842
"485",485,485,19,5,5,5,5,"Frog","new",0.308452021,0.646183413997509,0.578727431907356,0.852494326962815
"486",486,486,20,5,5,5,5,"Frog","new",0.313775513,0.678087908211302,0.614781140878896,0.873254689284367
"487",487,487,21,5,5,5,5,"Frog","new",0.319148481,0.708413683155192,0.64961739231846,0.891465176363301
"488",488,488,22,5,5,5,5,"Frog","new",0.324569936,0.736990695436582,0.682928091605928,0.907336857754169
"489",489,489,23,5,5,5,5,"Frog","new",0.330038845,0.763701210859892,0.714463924327288,0.921092971893162
"490",490,490,24,5,5,5,5,"Frog","new",0.335554123,0.788477630570945,0.744038791096028,0.932957841919399
"491",491,491,25,5,5,5,5,"Frog","new",0.34111464,0.81129809265618,0.771529958279535,0.943148763609342
"492",492,492,26,5,5,5,5,"Frog","new",0.346719219,0.832180546274538,0.796874559063358,0.951870502112811
"493",493,493,27,5,5,5,5,"Frog","new",0.352366637,0.851175985574124,0.820063341809904,0.959311933067997
"494",494,494,28,5,5,5,5,"Frog","new",0.358055624,0.868361448125668,0.841132654868054,0.96564435056369
"495",495,495,29,5,5,5,5,"Frog","new",0.363784867,0.883833257719608,0.860155606086723,0.971021004268728
"496",496,496,30,5,5,5,5,"Frog","new",0.369553009,0.897700851903274,0.877233186786091,0.975577493860074
"497",497,497,0,5,5,5,5,"Chase","new",0.22988413,0.108237131564126,0.0737400979385408,0.170101767744327
"498",498,498,1,5,5,5,5,"Chase","new",0.238693297,0.122799562589012,0.0846559194787583,0.196366816949607
"499",499,499,2,5,5,5,5,"Chase","new",0.247731443,0.139015824741802,0.0970183705452863,0.22558501180058
"500",500,500,3,5,5,5,5,"Chase","new",0.256996291,0.156990274035675,0.110967273852423,0.257756288693534
"501",501,501,4,5,5,5,5,"Chase","new",0.26648489,0.176811513240668,0.126640425723614,0.292781012007839
"502",502,502,5,5,5,5,5,"Chase","new",0.276193593,0.198545927894387,0.14416829290264,0.330446181786781
"503",503,503,6,5,5,5,5,"Chase","new",0.286118037,0.222230770820369,0.163667505154725,0.370418923270327
"504",504,504,7,5,5,5,5,"Chase","new",0.296253134,0.247867197429126,0.185233232427199,0.412249846249994
"505",505,505,8,5,5,5,5,"Chase","new",0.306593058,0.275413790162025,0.208930691414843,0.455387786976603
"506",506,506,9,5,5,5,5,"Chase","new",0.317131241,0.30478122030615,0.234786216680362,0.499205755485285
"507",507,507,10,5,5,5,5,"Chase","new",0.327860377,0.335828749471548,0.262778537528372,0.543035927109335
"508",508,508,11,5,5,5,5,"Chase","new",0.33877242,0.368363241890842,0.292831091709099,0.586209735761769
"509",509,509,12,5,5,5,5,"Chase","new",0.349858603,0.40214122114518,0.324806336923534,0.628098061298174
"510",510,510,13,5,5,5,5,"Chase","new",0.36110945,0.436874256736582,0.358503041821044,0.668146483250262
"511",511,511,14,5,5,5,5,"Chase","new",0.372514798,0.472237626789728,0.39365740709539,0.705901604767209
"512",512,512,15,5,5,5,5,"Chase","new",0.384063826,0.507881818102972,0.42994856384718,0.741026214323039
"513",513,513,16,5,5,5,5,"Chase","new",0.395745089,0.543446057914908,0.467008536574005,0.773303038837093
"514",514,514,17,5,5,5,5,"Chase","new",0.407546555,0.57857279260341,0.504436201427723,0.802628549318642
"515",515,515,18,5,5,5,5,"Chase","new",0.419455651,0.6129218941357,0.541814213410577,0.828999380470842
"516",516,516,19,5,5,5,5,"Chase","new",0.431459314,0.646183413997509,0.578727431907356,0.852494326962815
"517",517,517,20,5,5,5,5,"Chase","new",0.443544041,0.678087908211302,0.614781140878896,0.873254689284367
"518",518,518,21,5,5,5,5,"Chase","new",0.45569595,0.708413683155192,0.64961739231846,0.891465176363301
"519",519,519,22,5,5,5,5,"Chase","new",0.467900842,0.736990695436582,0.682928091605928,0.907336857754169
"520",520,520,23,5,5,5,5,"Chase","new",0.480144265,0.763701210859892,0.714463924327288,0.921092971893162
"521",521,521,24,5,5,5,5,"Chase","new",0.492411584,0.788477630570945,0.744038791096028,0.932957841919399
"522",522,522,25,5,5,5,5,"Chase","new",0.504688047,0.81129809265618,0.771529958279535,0.943148763609342
"523",523,523,26,5,5,5,5,"Chase","new",0.51695886,0.832180546274538,0.796874559063358,0.951870502112811
"524",524,524,27,5,5,5,5,"Chase","new",0.529209255,0.851175985574124,0.820063341809904,0.959311933067997
"525",525,525,28,5,5,5,5,"Chase","new",0.541424562,0.868361448125668,0.841132654868054,0.96564435056369
"526",526,526,29,5,5,5,5,"Chase","new",0.553590282,0.883833257719608,0.860155606086723,0.971021004268728
"527",527,527,30,5,5,5,5,"Chase","new",0.565692147,0.897700851903274,0.877233186786091,0.975577493860074
"528",528,528,0,5,5,5,5,"Finlay","new",0.288244871,0.108237131564126,0.0737400979385408,0.170101767744327
"529",529,529,1,5,5,5,5,"Finlay","new",0.292296962,0.122799562589012,0.0846559194787583,0.196366816949607
"530",530,530,2,5,5,5,5,"Finlay","new",0.296382297,0.139015824741802,0.0970183705452863,0.22558501180058
"531",531,531,3,5,5,5,5,"Finlay","new",0.300500486,0.156990274035675,0.110967273852423,0.257756288693534
"532",532,532,4,5,5,5,5,"Finlay","new",0.304651121,0.176811513240668,0.126640425723614,0.292781012007839
"533",533,533,5,5,5,5,5,"Finlay","new",0.308833774,0.198545927894387,0.14416829290264,0.330446181786781
"534",534,534,6,5,5,5,5,"Finlay","new",0.313048,0.222230770820369,0.163667505154725,0.370418923270327
"535",535,535,7,5,5,5,5,"Finlay","new",0.317293332,0.247867197429126,0.185233232427199,0.412249846249994
"536",536,536,8,5,5,5,5,"Finlay","new",0.321569286,0.275413790162025,0.208930691414843,0.455387786976603
"537",537,537,9,5,5,5,5,"Finlay","new",0.325875359,0.30478122030615,0.234786216680362,0.499205755485285
"538",538,538,10,5,5,5,5,"Finlay","new",0.330211028,0.335828749471548,0.262778537528372,0.543035927109335
"539",539,539,11,5,5,5,5,"Finlay","new",0.334575752,0.368363241890842,0.292831091709099,0.586209735761769
"540",540,540,12,5,5,5,5,"Finlay","new",0.338968971,0.40214122114518,0.324806336923534,0.628098061298174
"541",541,541,13,5,5,5,5,"Finlay","new",0.343390108,0.436874256736582,0.358503041821044,0.668146483250262
"542",542,542,14,5,5,5,5,"Finlay","new",0.347838566,0.472237626789728,0.39365740709539,0.705901604767209
"543",543,543,15,5,5,5,5,"Finlay","new",0.352313731,0.507881818102972,0.42994856384718,0.741026214323039
"544",544,544,16,5,5,5,5,"Finlay","new",0.35681497,0.543446057914908,0.467008536574005,0.773303038837093
"545",545,545,17,5,5,5,5,"Finlay","new",0.361341634,0.57857279260341,0.504436201427723,0.802628549318642
"546",546,546,18,5,5,5,5,"Finlay","new",0.365893056,0.6129218941357,0.541814213410577,0.828999380470842
"547",547,547,19,5,5,5,5,"Finlay","new",0.370468552,0.646183413997509,0.578727431907356,0.852494326962815
"548",548,548,20,5,5,5,5,"Finlay","new",0.375067422,0.678087908211302,0.614781140878896,0.873254689284367
"549",549,549,21,5,5,5,5,"Finlay","new",0.379688948,0.708413683155192,0.64961739231846,0.891465176363301
"550",550,550,22,5,5,5,5,"Finlay","new",0.384332399,0.736990695436582,0.682928091605928,0.907336857754169
"551",551,551,23,5,5,5,5,"Finlay","new",0.388997026,0.763701210859892,0.714463924327288,0.921092971893162
"552",552,552,24,5,5,5,5,"Finlay","new",0.393682066,0.788477630570945,0.744038791096028,0.932957841919399
"553",553,553,25,5,5,5,5,"Finlay","new",0.398386741,0.81129809265618,0.771529958279535,0.943148763609342
"554",554,554,26,5,5,5,5,"Finlay","new",0.403110259,0.832180546274538,0.796874559063358,0.951870502112811
"555",555,555,27,5,5,5,5,"Finlay","new",0.407851814,0.851175985574124,0.820063341809904,0.959311933067997
"556",556,556,28,5,5,5,5,"Finlay","new",0.412610588,0.868361448125668,0.841132654868054,0.96564435056369
"557",557,557,29,5,5,5,5,"Finlay","new",0.41738575,0.883833257719608,0.860155606086723,0.971021004268728
"558",558,558,30,5,5,5,5,"Finlay","new",0.422176455,0.897700851903274,0.877233186786091,0.975577493860074
"559",559,559,0,5,5,5,5,"Tsenaglode","new",0.194279696,0.108237131564126,0.0737400979385408,0.170101767744327
"560",560,560,1,5,5,5,5,"Tsenaglode","new",0.200609178,0.122799562589012,0.0846559194787583,0.196366816949607
"561",561,561,2,5,5,5,5,"Tsenaglode","new",0.207091868,0.139015824741802,0.0970183705452863,0.22558501180058
"562",562,562,3,5,5,5,5,"Tsenaglode","new",0.213728036,0.156990274035675,0.110967273852423,0.257756288693534
"563",563,563,4,5,5,5,5,"Tsenaglode","new",0.220517717,0.176811513240668,0.126640425723614,0.292781012007839
"564",564,564,5,5,5,5,5,"Tsenaglode","new",0.227460692,0.198545927894387,0.14416829290264,0.330446181786781
"565",565,565,6,5,5,5,5,"Tsenaglode","new",0.234556488,0.222230770820369,0.163667505154725,0.370418923270327
"566",566,566,7,5,5,5,5,"Tsenaglode","new",0.241804356,0.247867197429126,0.185233232427199,0.412249846249994
"567",567,567,8,5,5,5,5,"Tsenaglode","new",0.249203271,0.275413790162025,0.208930691414843,0.455387786976603
"568",568,568,9,5,5,5,5,"Tsenaglode","new",0.256751918,0.30478122030615,0.234786216680362,0.499205755485285
"569",569,569,10,5,5,5,5,"Tsenaglode","new",0.264448684,0.335828749471548,0.262778537528372,0.543035927109335
"570",570,570,11,5,5,5,5,"Tsenaglode","new",0.27229165,0.368363241890842,0.292831091709099,0.586209735761769
"571",571,571,12,5,5,5,5,"Tsenaglode","new",0.280278588,0.40214122114518,0.324806336923534,0.628098061298174
"572",572,572,13,5,5,5,5,"Tsenaglode","new",0.288406953,0.436874256736582,0.358503041821044,0.668146483250262
"573",573,573,14,5,5,5,5,"Tsenaglode","new",0.296673879,0.472237626789728,0.39365740709539,0.705901604767209
"574",574,574,15,5,5,5,5,"Tsenaglode","new",0.305076177,0.507881818102972,0.42994856384718,0.741026214323039
"575",575,575,16,5,5,5,5,"Tsenaglode","new",0.313610333,0.543446057914908,0.467008536574005,0.773303038837093
"576",576,576,17,5,5,5,5,"Tsenaglode","new",0.32227251,0.57857279260341,0.504436201427723,0.802628549318642
"577",577,577,18,5,5,5,5,"Tsenaglode","new",0.331058545,0.6129218941357,0.541814213410577,0.828999380470842
"578",578,578,19,5,5,5,5,"Tsenaglode","new",0.339963957,0.646183413997509,0.578727431907356,0.852494326962815
"579",579,579,20,5,5,5,5,"Tsenaglode","new",0.348983949,0.678087908211302,0.614781140878896,0.873254689284367
"580",580,580,21,5,5,5,5,"Tsenaglode","new",0.358113414,0.708413683155192,0.64961739231846,0.891465176363301
"581",581,581,22,5,5,5,5,"Tsenaglode","new",0.367346944,0.736990695436582,0.682928091605928,0.907336857754169
"582",582,582,23,5,5,5,5,"Tsenaglode","new",0.37667884,0.763701210859892,0.714463924327288,0.921092971893162
"583",583,583,24,5,5,5,5,"Tsenaglode","new",0.386103121,0.788477630570945,0.744038791096028,0.932957841919399
"584",584,584,25,5,5,5,5,"Tsenaglode","new",0.395613539,0.81129809265618,0.771529958279535,0.943148763609342
"585",585,585,26,5,5,5,5,"Tsenaglode","new",0.405203593,0.832180546274538,0.796874559063358,0.951870502112811
"586",586,586,27,5,5,5,5,"Tsenaglode","new",0.414866544,0.851175985574124,0.820063341809904,0.959311933067997
"587",587,587,28,5,5,5,5,"Tsenaglode","new",0.424595434,0.868361448125668,0.841132654868054,0.96564435056369
"588",588,588,29,5,5,5,5,"Tsenaglode","new",0.434383103,0.883833257719608,0.860155606086723,0.971021004268728
"589",589,589,30,5,5,5,5,"Tsenaglode","new",0.44422221,0.897700851903274,0.877233186786091,0.975577493860074
"590",590,590,0,5,5,5,5,"Telkwa","new",0.195851108,0.108237131564126,0.0737400979385408,0.170101767744327
"591",591,591,1,5,5,5,5,"Telkwa","new",0.211053325,0.122799562589012,0.0846559194787583,0.196366816949607
"592",592,592,2,5,5,5,5,"Telkwa","new",0.227102307,0.139015824741802,0.0970183705452863,0.22558501180058
"593",593,593,3,5,5,5,5,"Telkwa","new",0.243994261,0.156990274035675,0.110967273852423,0.257756288693534
"594",594,594,4,5,5,5,5,"Telkwa","new",0.261717195,0.176811513240668,0.126640425723614,0.292781012007839
"595",595,595,5,5,5,5,5,"Telkwa","new",0.280250251,0.198545927894387,0.14416829290264,0.330446181786781
"596",596,596,6,5,5,5,5,"Telkwa","new",0.299563184,0.222230770820369,0.163667505154725,0.370418923270327
"597",597,597,7,5,5,5,5,"Telkwa","new",0.319616019,0.247867197429126,0.185233232427199,0.412249846249994
"598",598,598,8,5,5,5,5,"Telkwa","new",0.340358919,0.275413790162025,0.208930691414843,0.455387786976603
"599",599,599,9,5,5,5,5,"Telkwa","new",0.361732302,0.30478122030615,0.234786216680362,0.499205755485285
"600",600,600,10,5,5,5,5,"Telkwa","new",0.38366721,0.335828749471548,0.262778537528372,0.543035927109335
"601",601,601,11,5,5,5,5,"Telkwa","new",0.406085967,0.368363241890842,0.292831091709099,0.586209735761769
"602",602,602,12,5,5,5,5,"Telkwa","new",0.428903098,0.40214122114518,0.324806336923534,0.628098061298174
"603",603,603,13,5,5,5,5,"Telkwa","new",0.452026514,0.436874256736582,0.358503041821044,0.668146483250262
"604",604,604,14,5,5,5,5,"Telkwa","new",0.475358917,0.472237626789728,0.39365740709539,0.705901604767209
"605",605,605,15,5,5,5,5,"Telkwa","new",0.498799396,0.507881818102972,0.42994856384718,0.741026214323039
"606",606,606,16,5,5,5,5,"Telkwa","new",0.522245154,0.543446057914908,0.467008536574005,0.773303038837093
"607",607,607,17,5,5,5,5,"Telkwa","new",0.5455933,0.57857279260341,0.504436201427723,0.802628549318642
"608",608,608,18,5,5,5,5,"Telkwa","new",0.56874265,0.6129218941357,0.541814213410577,0.828999380470842
"609",609,609,19,5,5,5,5,"Telkwa","new",0.59159546,0.646183413997509,0.578727431907356,0.852494326962815
"610",610,610,20,5,5,5,5,"Telkwa","new",0.61405904,0.678087908211302,0.614781140878896,0.873254689284367
"611",611,611,21,5,5,5,5,"Telkwa","new",0.636047179,0.708413683155192,0.64961739231846,0.891465176363301
"612",612,612,22,5,5,5,5,"Telkwa","new",0.657481355,0.736990695436582,0.682928091605928,0.907336857754169
"613",613,613,23,5,5,5,5,"Telkwa","new",0.678291686,0.763701210859892,0.714463924327288,0.921092971893162
"614",614,614,24,5,5,5,5,"Telkwa","new",0.698417606,0.788477630570945,0.744038791096028,0.932957841919399
"615",615,615,25,5,5,5,5,"Telkwa","new",0.717808271,0.81129809265618,0.771529958279535,0.943148763609342
"616",616,616,26,5,5,5,5,"Telkwa","new",0.7364227,0.832180546274538,0.796874559063358,0.951870502112811
"617",617,617,27,5,5,5,5,"Telkwa","new",0.754229665,0.851175985574124,0.820063341809904,0.959311933067997
"618",618,618,28,5,5,5,5,"Telkwa","new",0.771207367,0.868361448125668,0.841132654868054,0.96564435056369
"619",619,619,29,5,5,5,5,"Telkwa","new",0.787342934,0.883833257719608,0.860155606086723,0.971021004268728
"620",620,620,30,5,5,5,5,"Telkwa","new",0.802631771,0.897700851903274,0.877233186786091,0.975577493860074
"621",621,621,0,5,5,5,5,"Kennedy Siding","new",0.187854543,0.0584438711527512,0.0737400979385408,0.170101767744327
"622",622,622,1,5,5,5,5,"Kennedy Siding","new",0.19697165,0.075042844779047,0.0846559194787583,0.196366816949607
"623",623,623,2,5,5,5,5,"Kennedy Siding","new",0.206418773,0.09587613510287,0.0970183705452863,0.22558501180058
"624",624,624,3,5,5,5,5,"Kennedy Siding","new",0.21619701,0.121731950970469,0.110967273852423,0.257756288693534
"625",625,625,4,5,5,5,5,"Kennedy Siding","new",0.226306359,0.153377668420257,0.126640425723614,0.292781012007839
"626",626,626,5,5,5,5,5,"Kennedy Siding","new",0.236745639,0.191456713667137,0.14416829290264,0.330446181786781
"627",627,627,6,5,5,5,5,"Kennedy Siding","new",0.247512418,0.236350410222823,0.163667505154725,0.370418923270327
"628",628,628,7,5,5,5,5,"Kennedy Siding","new",0.258602948,0.288021085399892,0.185233232427199,0.412249846249994
"629",629,629,8,5,5,5,5,"Kennedy Siding","new",0.270012106,0.34587168630825,0.208930691414843,0.455387786976603
"630",630,630,9,5,5,5,5,"Kennedy Siding","new",0.281733342,0.408672298824868,0.234786216680362,0.499205755485285
"631",631,631,10,5,5,5,5,"Kennedy Siding","new",0.293758641,0.474602425240499,0.262778537528372,0.543035927109335
"632",632,632,11,5,5,5,5,"Kennedy Siding","new",0.306078492,0.541430072003207,0.292831091709099,0.586209735761769
"633",633,633,12,5,5,5,5,"Kennedy Siding","new",0.318681878,0.606799809000726,0.324806336923534,0.628098061298174
"634",634,634,13,5,5,5,5,"Kennedy Siding","new",0.331556269,0.668555489280639,0.358503041821044,0.668146483250262
"635",635,635,14,5,5,5,5,"Kennedy Siding","new",0.34468764,0.725007450055525,0.39365740709539,0.705901604767209
"636",636,636,15,5,5,5,5,"Kennedy Siding","new",0.3580605,0.775079196521242,0.42994856384718,0.741026214323039
"637",637,637,16,5,5,5,5,"Kennedy Siding","new",0.371657936,0.818318398803681,0.467008536574005,0.773303038837093
"638",638,638,17,5,5,5,5,"Kennedy Siding","new",0.385461678,0.854802395726964,0.504436201427723,0.802628549318642
"639",639,639,18,5,5,5,5,"Kennedy Siding","new",0.39945218,0.884989632756314,0.541814213410577,0.828999380470842
"640",640,640,19,5,5,5,5,"Kennedy Siding","new",0.413608708,0.909564793255927,0.578727431907356,0.852494326962815
"641",641,641,20,5,5,5,5,"Kennedy Siding","new",0.427909462,0.929308243814569,0.614781140878896,0.873254689284367
"642",642,642,21,5,5,5,5,"Kennedy Siding","new",0.442331689,0.945002012065213,0.64961739231846,0.891465176363301
"643",643,643,22,5,5,5,5,"Kennedy Siding","new",0.45685183,0.957371537681622,0.682928091605928,0.907336857754169
"644",644,644,23,5,5,5,5,"Kennedy Siding","new",0.471445667,0.967056033974625,0.714463924327288,0.921092971893162
"645",645,645,24,5,5,5,5,"Kennedy Siding","new",0.486088478,0.974598744838107,0.744038791096028,0.932957841919399
"646",646,646,25,5,5,5,5,"Kennedy Siding","new",0.50075521,0.980449421571316,0.771529958279535,0.943148763609342
"647",647,647,26,5,5,5,5,"Kennedy Siding","new",0.515420642,0.984973288223717,0.796874559063358,0.951870502112811
"648",648,648,27,5,5,5,5,"Kennedy Siding","new",0.530059564,0.988462681863422,0.820063341809904,0.959311933067997
"649",649,649,28,5,5,5,5,"Kennedy Siding","new",0.544646947,0.991149075062345,0.841132654868054,0.96564435056369
"650",650,650,29,5,5,5,5,"Kennedy Siding","new",0.559158116,0.993214252309168,0.860155606086723,0.971021004268728
"651",651,651,30,5,5,5,5,"Kennedy Siding","new",0.573568912,0.994800091897761,0.877233186786091,0.975577493860074
"652",652,652,0,5,5,5,5,"Burnt Pine","new",0.187854543,0.113253473359311,0.0737400979385408,0.170101767744327
"653",653,653,1,5,5,5,5,"Burnt Pine","new",0.19697165,0.117744204588621,0.0846559194787583,0.196366816949607
"654",654,654,2,5,5,5,5,"Burnt Pine","new",0.206418773,0.122388425777961,0.0970183705452863,0.22558501180058
"655",655,655,3,5,5,5,5,"Burnt Pine","new",0.21619701,0.127189421985816,0.110967273852423,0.257756288693534
"656",656,656,4,5,5,5,5,"Burnt Pine","new",0.226306359,0.132150390597019,0.126640425723614,0.292781012007839
"657",657,657,5,5,5,5,5,"Burnt Pine","new",0.236745639,0.137274426172771,0.14416829290264,0.330446181786781
"658",658,658,6,5,5,5,5,"Burnt Pine","new",0.247512418,0.142564504571227,0.163667505154725,0.370418923270327
"659",659,659,7,5,5,5,5,"Burnt Pine","new",0.258602948,0.148023466372235,0.185233232427199,0.412249846249994
"660",660,660,8,5,5,5,5,"Burnt Pine","new",0.270012106,0.153653999649192,0.208930691414843,0.455387786976603
"661",661,661,9,5,5,5,5,"Burnt Pine","new",0.281733342,0.159458622140971,0.234786216680362,0.499205755485285
"662",662,662,10,5,5,5,5,"Burnt Pine","new",0.293758641,0.165439662887439,0.262778537528372,0.543035927109335
"663",663,663,11,5,5,5,5,"Burnt Pine","new",0.306078492,0.171599243403138,0.292831091709099,0.586209735761769
"664",664,664,12,5,5,5,5,"Burnt Pine","new",0.318681878,0.177939258475137,0.324806336923534,0.628098061298174
"665",665,665,13,5,5,5,5,"Burnt Pine","new",0.331556269,0.184461356682736,0.358503041821044,0.668146483250262
"666",666,666,14,5,5,5,5,"Burnt Pine","new",0.34468764,0.191166920748596,0.39365740709539,0.705901604767209
"667",667,667,15,5,5,5,5,"Burnt Pine","new",0.3580605,0.198057047842616,0.42994856384718,0.741026214323039
"668",668,668,16,5,5,5,5,"Burnt Pine","new",0.371657936,0.205132529971553,0.467008536574005,0.773303038837093
"669",669,669,17,5,5,5,5,"Burnt Pine","new",0.385461678,0.21239383459854,0.504436201427723,0.802628549318642
"670",670,670,18,5,5,5,5,"Burnt Pine","new",0.39945218,0.219841085647266,0.541814213410577,0.828999380470842
"671",671,671,19,5,5,5,5,"Burnt Pine","new",0.413608708,0.227474045055348,0.578727431907356,0.852494326962815
"672",672,672,20,5,5,5,5,"Burnt Pine","new",0.427909462,0.235292095050038,0.614781140878896,0.873254689284367
"673",673,673,21,5,5,5,5,"Burnt Pine","new",0.442331689,0.243294221326763,0.64961739231846,0.891465176363301
"674",674,674,22,5,5,5,5,"Burnt Pine","new",0.45685183,0.251478997316676,0.682928091605928,0.907336857754169
"675",675,675,23,5,5,5,5,"Burnt Pine","new",0.471445667,0.259844569733291,0.714463924327288,0.921092971893162
"676",676,676,24,5,5,5,5,"Burnt Pine","new",0.486088478,0.268388645590022,0.744038791096028,0.932957841919399
"677",677,677,25,5,5,5,5,"Burnt Pine","new",0.50075521,0.277108480879913,0.771529958279535,0.943148763609342
"678",678,678,26,5,5,5,5,"Burnt Pine","new",0.515420642,0.286000871105749,0.796874559063358,0.951870502112811
"679",679,679,27,5,5,5,5,"Burnt Pine","new",0.530059564,0.295062143842946,0.820063341809904,0.959311933067997
"680",680,680,28,5,5,5,5,"Burnt Pine","new",0.544646947,0.304288153508986,0.841132654868054,0.96564435056369
"681",681,681,29,5,5,5,5,"Burnt Pine","new",0.559158116,0.313674278501537,0.860155606086723,0.971021004268728
"682",682,682,30,5,5,5,5,"Burnt Pine","new",0.573568912,0.323215420852866,0.877233186786091,0.975577493860074
"683",683,683,0,5,5,5,5,"Scott","new",0.187854543,0.174606947468638,0.0737400979385408,0.170101767744327
"684",684,684,1,5,5,5,5,"Scott","new",0.19697165,0.175375521036971,0.0846559194787583,0.196366816949607
"685",685,685,2,5,5,5,5,"Scott","new",0.206418773,0.176146755685983,0.0970183705452863,0.22558501180058
"686",686,686,3,5,5,5,5,"Scott","new",0.21619701,0.176920654274326,0.110967273852423,0.257756288693534
"687",687,687,4,5,5,5,5,"Scott","new",0.226306359,0.177697219604677,0.126640425723614,0.292781012007839
"688",688,688,5,5,5,5,5,"Scott","new",0.236745639,0.178476454423218,0.14416829290264,0.330446181786781
"689",689,689,6,5,5,5,5,"Scott","new",0.247512418,0.17925836141913,0.163667505154725,0.370418923270327
"690",690,690,7,5,5,5,5,"Scott","new",0.258602948,0.180042943224074,0.185233232427199,0.412249846249994
"691",691,691,8,5,5,5,5,"Scott","new",0.270012106,0.180830202411683,0.208930691414843,0.455387786976603
"692",692,692,9,5,5,5,5,"Scott","new",0.281733342,0.181620141497043,0.234786216680362,0.499205755485285
"693",693,693,10,5,5,5,5,"Scott","new",0.293758641,0.182412762936182,0.262778537528372,0.543035927109335
"694",694,694,11,5,5,5,5,"Scott","new",0.306078492,0.183208069125559,0.292831091709099,0.586209735761769
"695",695,695,12,5,5,5,5,"Scott","new",0.318681878,0.184006062401544,0.324806336923534,0.628098061298174
"696",696,696,13,5,5,5,5,"Scott","new",0.331556269,0.184806745039911,0.358503041821044,0.668146483250262
"697",697,697,14,5,5,5,5,"Scott","new",0.34468764,0.185610119255322,0.39365740709539,0.705901604767209
"698",698,698,15,5,5,5,5,"Scott","new",0.3580605,0.186416187200814,0.42994856384718,0.741026214323039
"699",699,699,16,5,5,5,5,"Scott","new",0.371657936,0.187224950967286,0.467008536574005,0.773303038837093
"700",700,700,17,5,5,5,5,"Scott","new",0.385461678,0.18803641258299,0.504436201427723,0.802628549318642
"701",701,701,18,5,5,5,5,"Scott","new",0.39945218,0.188850574013014,0.541814213410577,0.828999380470842
"702",702,702,19,5,5,5,5,"Scott","new",0.413608708,0.189667437158773,0.578727431907356,0.852494326962815
"703",703,703,20,5,5,5,5,"Scott","new",0.427909462,0.1904870038575,0.614781140878896,0.873254689284367
"704",704,704,21,5,5,5,5,"Scott","new",0.442331689,0.191309275881731,0.64961739231846,0.891465176363301
"705",705,705,22,5,5,5,5,"Scott","new",0.45685183,0.1921342549388,0.682928091605928,0.907336857754169
"706",706,706,23,5,5,5,5,"Scott","new",0.471445667,0.192961942670326,0.714463924327288,0.921092971893162
"707",707,707,24,5,5,5,5,"Scott","new",0.486088478,0.193792340651708,0.744038791096028,0.932957841919399
"708",708,708,25,5,5,5,5,"Scott","new",0.50075521,0.194625450391614,0.771529958279535,0.943148763609342
"709",709,709,26,5,5,5,5,"Scott","new",0.515420642,0.195461273331477,0.796874559063358,0.951870502112811
"710",710,710,27,5,5,5,5,"Scott","new",0.530059564,0.196299810844986,0.820063341809904,0.959311933067997
"711",711,711,28,5,5,5,5,"Scott","new",0.544646947,0.197141064237586,0.841132654868054,0.96564435056369
"712",712,712,29,5,5,5,5,"Scott","new",0.559158116,0.197985034745968,0.860155606086723,0.971021004268728
"713",713,713,30,5,5,5,5,"Scott","new",0.573568912,0.198831723537571,0.877233186786091,0.975577493860074
"714",714,714,0,5,5,5,5,"Moberly","new",0.187854543,0.0800510605547737,0.0737400979385408,0.170101767744327
"715",715,715,1,5,5,5,5,"Moberly","new",0.19697165,0.0945875952634836,0.0846559194787583,0.196366816949607
"716",716,716,2,5,5,5,5,"Moberly","new",0.206418773,0.111444053209526,0.0970183705452863,0.22558501180058
"717",717,717,3,5,5,5,5,"Moberly","new",0.21619701,0.130870297699792,0.110967273852423,0.257756288693534
"718",718,718,4,5,5,5,5,"Moberly","new",0.226306359,0.153099348409531,0.126640425723614,0.292781012007839
"719",719,719,5,5,5,5,5,"Moberly","new",0.236745639,0.178329417522438,0.14416829290264,0.330446181786781
"720",720,720,6,5,5,5,5,"Moberly","new",0.247512418,0.206702494664949,0.163667505154725,0.370418923270327
"721",721,721,7,5,5,5,5,"Moberly","new",0.258602948,0.238280741373099,0.185233232427199,0.412249846249994
"722",722,722,8,5,5,5,5,"Moberly","new",0.270012106,0.273022917842378,0.208930691414843,0.455387786976603
"723",723,723,9,5,5,5,5,"Moberly","new",0.281733342,0.310764005575261,0.234786216680362,0.499205755485285
"724",724,724,10,5,5,5,5,"Moberly","new",0.293758641,0.351201821569145,0.262778537528372,0.543035927109335
"725",725,725,11,5,5,5,5,"Moberly","new",0.306078492,0.393894402818635,0.292831091709099,0.586209735761769
"726",726,726,12,5,5,5,5,"Moberly","new",0.318681878,0.43827100161408,0.324806336923534,0.628098061298174
"727",727,727,13,5,5,5,5,"Moberly","new",0.331556269,0.483657624012373,0.358503041821044,0.668146483250262
"728",728,728,14,5,5,5,5,"Moberly","new",0.34468764,0.529315460708996,0.39365740709539,0.705901604767209
"729",729,729,15,5,5,5,5,"Moberly","new",0.3580605,0.574487929159371,0.42994856384718,0.741026214323039
"730",730,730,16,5,5,5,5,"Moberly","new",0.371657936,0.618450143716235,0.467008536574005,0.773303038837093
"731",731,731,17,5,5,5,5,"Moberly","new",0.385461678,0.660554075448463,0.504436201427723,0.802628549318642
"732",732,732,18,5,5,5,5,"Moberly","new",0.39945218,0.700263643218876,0.541814213410577,0.828999380470842
"733",733,733,19,5,5,5,5,"Moberly","new",0.413608708,0.737176162760348,0.578727431907356,0.852494326962815
"734",734,734,20,5,5,5,5,"Moberly","new",0.427909462,0.77102927505818,0.614781140878896,0.873254689284367
"735",735,735,21,5,5,5,5,"Moberly","new",0.442331689,0.801694917798883,0.64961739231846,0.891465176363301
"736",736,736,22,5,5,5,5,"Moberly","new",0.45685183,0.829163549650256,0.682928091605928,0.907336857754169
"737",737,737,23,5,5,5,5,"Moberly","new",0.471445667,0.853522495680051,0.714463924327288,0.921092971893162
"738",738,738,24,5,5,5,5,"Moberly","new",0.486088478,0.874932080972778,0.744038791096028,0.932957841919399
"739",739,739,25,5,5,5,5,"Moberly","new",0.50075521,0.893602465574786,0.771529958279535,0.943148763609342
"740",740,740,26,5,5,5,5,"Moberly","new",0.515420642,0.909773121939991,0.796874559063358,0.951870502112811
"741",741,741,27,5,5,5,5,"Moberly","new",0.530059564,0.923695966025017,0.820063341809904,0.959311933067997
"742",742,742,28,5,5,5,5,"Moberly","new",0.544646947,0.935622413440183,0.841132654868054,0.96564435056369
"743",743,743,29,5,5,5,5,"Moberly","new",0.559158116,0.945794130900822,0.860155606086723,0.971021004268728
"744",744,744,30,5,5,5,5,"Moberly","new",0.573568912,0.954436972399914,0.877233186786091,0.975577493860074
"745",745,745,0,5,5,5,5,"Quintette","new",0.187854543,0.140788108277296,0.0737400979385408,0.170101767744327
"746",746,746,1,5,5,5,5,"Quintette","new",0.19697165,0.155332887363676,0.0846559194787583,0.196366816949607
"747",747,747,2,5,5,5,5,"Quintette","new",0.206418773,0.171081091377438,0.0970183705452863,0.22558501180058
"748",748,748,3,5,5,5,5,"Quintette","new",0.21619701,0.188070409641303,0.110967273852423,0.257756288693534
"749",749,749,4,5,5,5,5,"Quintette","new",0.226306359,0.206326916851263,0.126640425723614,0.292781012007839
"750",750,750,5,5,5,5,5,"Quintette","new",0.236745639,0.225862639751275,0.14416829290264,0.330446181786781
"751",751,751,6,5,5,5,5,"Quintette","new",0.247512418,0.246673182099893,0.163667505154725,0.370418923270327
"752",752,752,7,5,5,5,5,"Quintette","new",0.258602948,0.268735542385243,0.185233232427199,0.412249846249994
"753",753,753,8,5,5,5,5,"Quintette","new",0.270012106,0.292006276673573,0.208930691414843,0.455387786976603
"754",754,754,9,5,5,5,5,"Quintette","new",0.281733342,0.316420167532371,0.234786216680362,0.499205755485285
"755",755,755,10,5,5,5,5,"Quintette","new",0.293758641,0.341889555568528,0.262778537528372,0.543035927109335
"756",756,756,11,5,5,5,5,"Quintette","new",0.306078492,0.368304469998483,0.292831091709099,0.586209735761769
"757",757,757,12,5,5,5,5,"Quintette","new",0.318681878,0.395533657605379,0.324806336923534,0.628098061298174
"758",758,758,13,5,5,5,5,"Quintette","new",0.331556269,0.423426556420212,0.358503041821044,0.668146483250262
"759",759,759,14,5,5,5,5,"Quintette","new",0.34468764,0.45181619503901,0.39365740709539,0.705901604767209
"760",760,760,15,5,5,5,5,"Quintette","new",0.3580605,0.480522926695866,0.42994856384718,0.741026214323039
"761",761,761,16,5,5,5,5,"Quintette","new",0.371657936,0.509358836963845,0.467008536574005,0.773303038837093
"762",762,762,17,5,5,5,5,"Quintette","new",0.385461678,0.538132603913758,0.504436201427723,0.802628549318642
"763",763,763,18,5,5,5,5,"Quintette","new",0.39945218,0.56665454769287,0.541814213410577,0.828999380470842
"764",764,764,19,5,5,5,5,"Quintette","new",0.413608708,0.594741588609674,0.578727431907356,0.852494326962815
"765",765,765,20,5,5,5,5,"Quintette","new",0.427909462,0.622221841470438,0.614781140878896,0.873254689284367
"766",766,766,21,5,5,5,5,"Quintette","new",0.442331689,0.648938607871864,0.64961739231846,0.891465176363301
"767",767,767,22,5,5,5,5,"Quintette","new",0.45685183,0.674753582642365,0.682928091605928,0.907336857754169
"768",768,768,23,5,5,5,5,"Quintette","new",0.471445667,0.699549158272656,0.714463924327288,0.921092971893162
"769",769,769,24,5,5,5,5,"Quintette","new",0.486088478,0.723229783394062,0.744038791096028,0.932957841919399
"770",770,770,25,5,5,5,5,"Quintette","new",0.50075521,0.745722399825807,0.771529958279535,0.943148763609342
"771",771,771,26,5,5,5,5,"Quintette","new",0.515420642,0.766976040624969,0.796874559063358,0.951870502112811
"772",772,772,27,5,5,5,5,"Quintette","new",0.530059564,0.786960714475879,0.820063341809904,0.959311933067997
"773",773,773,28,5,5,5,5,"Quintette","new",0.544646947,0.805665727788185,0.841132654868054,0.96564435056369
"774",774,774,29,5,5,5,5,"Quintette","new",0.559158116,0.82309760554204,0.860155606086723,0.971021004268728
"775",775,775,30,5,5,5,5,"Quintette","new",0.573568912,0.839277767529938,0.877233186786091,0.975577493860074
"776",776,776,0,5,5,5,5,"Narraway","new",0.187854543,0.120799209578007,0.0737400979385408,0.170101767744327
"777",777,777,1,5,5,5,5,"Narraway","new",0.19697165,0.148594949178803,0.0846559194787583,0.196366816949607
"778",778,778,2,5,5,5,5,"Narraway","new",0.206418773,0.18146637134702,0.0970183705452863,0.22558501180058
"779",779,779,3,5,5,5,5,"Narraway","new",0.21619701,0.219732757455735,0.110967273852423,0.257756288693534
"780",780,780,4,5,5,5,5,"Narraway","new",0.226306359,0.263471118658145,0.126640425723614,0.292781012007839
"781",781,781,5,5,5,5,5,"Narraway","new",0.236745639,0.31242961780024,0.14416829290264,0.330446181786781
"782",782,782,6,5,5,5,5,"Narraway","new",0.247512418,0.365965277595403,0.163667505154725,0.370418923270327
"783",783,783,7,5,5,5,5,"Narraway","new",0.258602948,0.423030397555792,0.185233232427199,0.412249846249994
"784",784,784,8,5,5,5,5,"Narraway","new",0.270012106,0.482226035326727,0.208930691414843,0.455387786976603
"785",785,785,9,5,5,5,5,"Narraway","new",0.281733342,0.541924801114479,0.234786216680362,0.499205755485285
"786",786,786,10,5,5,5,5,"Narraway","new",0.293758641,0.600443557036644,0.262778537528372,0.543035927109335
"787",787,787,11,5,5,5,5,"Narraway","new",0.306078492,0.656228829826349,0.292831091709099,0.586209735761769
"788",788,788,12,5,5,5,5,"Narraway","new",0.318681878,0.708012971697748,0.324806336923534,0.628098061298174
"789",789,789,13,5,5,5,5,"Narraway","new",0.331556269,0.754909945807576,0.358503041821044,0.668146483250262
"790",790,790,14,5,5,5,5,"Narraway","new",0.34468764,0.796440239154159,0.39365740709539,0.705901604767209
"791",791,791,15,5,5,5,5,"Narraway","new",0.3580605,0.832494745166323,0.42994856384718,0.741026214323039
"792",792,792,16,5,5,5,5,"Narraway","new",0.371657936,0.863259680743457,0.467008536574005,0.773303038837093
"793",793,793,17,5,5,5,5,"Narraway","new",0.385461678,0.889126698283083,0.504436201427723,0.802628549318642
"794",794,794,18,5,5,5,5,"Narraway","new",0.39945218,0.910607187661223,0.541814213410577,0.828999380470842
"795",795,795,19,5,5,5,5,"Narraway","new",0.413608708,0.928261841866392,0.578727431907356,0.852494326962815
"796",796,796,20,5,5,5,5,"Narraway","new",0.427909462,0.942649381255673,0.614781140878896,0.873254689284367
"797",797,797,21,5,5,5,5,"Narraway","new",0.442331689,0.954293488183372,0.64961739231846,0.891465176363301
"798",798,798,22,5,5,5,5,"Narraway","new",0.45685183,0.96366457779474,0.682928091605928,0.907336857754169
"799",799,799,23,5,5,5,5,"Narraway","new",0.471445667,0.971172377000308,0.714463924327288,0.921092971893162
"800",800,800,24,5,5,5,5,"Narraway","new",0.486088478,0.977165637251573,0.744038791096028,0.932957841919399
"801",801,801,25,5,5,5,5,"Narraway","new",0.50075521,0.981936074951302,0.771529958279535,0.943148763609342
"802",802,802,26,5,5,5,5,"Narraway","new",0.515420642,0.985724457012301,0.796874559063358,0.951870502112811
"803",803,803,27,5,5,5,5,"Narraway","new",0.530059564,0.988727457119424,0.820063341809904,0.959311933067997
"804",804,804,28,5,5,5,5,"Narraway","new",0.544646947,0.991104447574793,0.841132654868054,0.96564435056369
"805",805,805,29,5,5,5,5,"Narraway","new",0.559158116,0.992983769542108,0.860155606086723,0.971021004268728
"806",806,806,30,5,5,5,5,"Narraway","new",0.573568912,0.994468271908027,0.877233186786091,0.975577493860074
"807",807,807,0,5,5,5,5,"Nakusp","new",0.187854543,0.108237131564126,0.0652612557754165,0.170101767744327
"808",808,808,1,5,5,5,5,"Nakusp","new",0.19697165,0.122799562589012,0.0717659344452109,0.196366816949607
"809",809,809,2,5,5,5,5,"Nakusp","new",0.206418773,0.139015824741802,0.0788642434855183,0.22558501180058
"810",810,810,3,5,5,5,5,"Nakusp","new",0.21619701,0.156990274035675,0.0865991394438072,0.257756288693534
"811",811,811,4,5,5,5,5,"Nakusp","new",0.226306359,0.176811513240668,0.0950144114459133,0.292781012007839
"812",812,812,5,5,5,5,5,"Nakusp","new",0.236745639,0.198545927894387,0.104154189878612,0.330446181786781
"813",813,813,6,5,5,5,5,"Nakusp","new",0.247512418,0.222230770820369,0.11406234561437,0.370418923270327
"814",814,814,7,5,5,5,5,"Nakusp","new",0.258602948,0.247867197429126,0.124781772597679,0.412249846249994
"815",815,815,8,5,5,5,5,"Nakusp","new",0.270012106,0.275413790162025,0.136353549747546,0.455387786976603
"816",816,816,9,5,5,5,5,"Nakusp","new",0.281733342,0.30478122030615,0.148815982483212,0.499205755485285
"817",817,817,10,5,5,5,5,"Nakusp","new",0.293758641,0.335828749471548,0.162203529850729,0.543035927109335
"818",818,818,11,5,5,5,5,"Nakusp","new",0.306078492,0.368363241890842,0.176545630233336,0.586209735761769
"819",819,819,12,5,5,5,5,"Nakusp","new",0.318681878,0.40214122114518,0.191865446863194,0.628098061298174
"820",820,820,13,5,5,5,5,"Nakusp","new",0.331556269,0.436874256736582,0.208178563551745,0.668146483250262
"821",821,821,14,5,5,5,5,"Nakusp","new",0.34468764,0.472237626789728,0.225491670765805,0.705901604767209
"822",822,822,15,5,5,5,5,"Nakusp","new",0.3580605,0.507881818102972,0.243801291734417,0.741026214323039
"823",823,823,16,5,5,5,5,"Nakusp","new",0.371657936,0.543446057914908,0.263092606815064,0.773303038837093
"824",824,824,17,5,5,5,5,"Nakusp","new",0.385461678,0.57857279260341,0.2833384408541,0.802628549318642
"825",825,825,18,5,5,5,5,"Nakusp","new",0.39945218,0.6129218941357,0.304498481641838,0.828999380470842
"826",826,826,19,5,5,5,5,"Nakusp","new",0.413608708,0.646183413997509,0.326518796723583,0.852494326962815
"827",827,827,20,5,5,5,5,"Nakusp","new",0.427909462,0.678087908211302,0.349331709913939,0.873254689284367
"828",828,828,21,5,5,5,5,"Nakusp","new",0.442331689,0.708413683155192,0.372856087367452,0.891465176363301
"829",829,829,22,5,5,5,5,"Nakusp","new",0.45685183,0.736990695436582,0.396998066003605,0.907336857754169
"830",830,830,23,5,5,5,5,"Nakusp","new",0.471445667,0.763701210859892,0.421652235130238,0.921092971893162
"831",831,831,24,5,5,5,5,"Nakusp","new",0.486088478,0.788477630570945,0.44670325659986,0.932957841919399
"832",832,832,25,5,5,5,5,"Nakusp","new",0.50075521,0.81129809265618,0.472027881728193,0.943148763609342
"833",833,833,26,5,5,5,5,"Nakusp","new",0.515420642,0.832180546274538,0.49749729690351,0.951870502112811
"834",834,834,27,5,5,5,5,"Nakusp","new",0.530059564,0.851175985574124,0.522979706880942,0.959311933067997
"835",835,835,28,5,5,5,5,"Nakusp","new",0.544646947,0.868361448125668,0.54834304757435,0.96564435056369
"836",836,836,29,5,5,5,5,"Nakusp","new",0.559158116,0.883833257719608,0.573457710597315,0.971021004268728
"837",837,837,30,5,5,5,5,"Nakusp","new",0.573568912,0.897700851903274,0.598199160930539,0.975577493860074
"838",838,838,0,5,5,5,5,"Hart Ranges","new",0.187854543,0.108237131564126,0.0948635190027747,0.170101767744327
"839",839,839,1,5,5,5,5,"Hart Ranges","new",0.19697165,0.122799562589012,0.0996694411490339,0.196366816949607
"840",840,840,2,5,5,5,5,"Hart Ranges","new",0.206418773,0.139015824741802,0.104690677208641,0.22558501180058
"841",841,841,3,5,5,5,5,"Hart Ranges","new",0.21619701,0.156990274035675,0.109933989617928,0.257756288693534
"842",842,842,4,5,5,5,5,"Hart Ranges","new",0.226306359,0.176811513240668,0.115406057289025,0.292781012007839
"843",843,843,5,5,5,5,5,"Hart Ranges","new",0.236745639,0.198545927894387,0.121113439231193,0.330446181786781
"844",844,844,6,5,5,5,5,"Hart Ranges","new",0.247512418,0.222230770820369,0.127062535254901,0.370418923270327
"845",845,845,7,5,5,5,5,"Hart Ranges","new",0.258602948,0.247867197429126,0.133259543783282,0.412249846249994
"846",846,846,8,5,5,5,5,"Hart Ranges","new",0.270012106,0.275413790162025,0.139710416835839,0.455387786976603
"847",847,847,9,5,5,5,5,"Hart Ranges","new",0.281733342,0.30478122030615,0.146420812294568,0.499205755485285
"848",848,848,10,5,5,5,5,"Hart Ranges","new",0.293758641,0.335828749471548,0.153396043612945,0.543035927109335
"849",849,849,11,5,5,5,5,"Hart Ranges","new",0.306078492,0.368363241890842,0.160641027183191,0.586209735761769
"850",850,850,12,5,5,5,5,"Hart Ranges","new",0.318681878,0.40214122114518,0.168160227636545,0.628098061298174
"851",851,851,13,5,5,5,5,"Hart Ranges","new",0.331556269,0.436874256736582,0.175957601414236,0.668146483250262
"852",852,852,14,5,5,5,5,"Hart Ranges","new",0.34468764,0.472237626789728,0.184036539012754,0.705901604767209
"853",853,853,15,5,5,5,5,"Hart Ranges","new",0.3580605,0.507881818102972,0.192399806374725,0.741026214323039
"854",854,854,16,5,5,5,5,"Hart Ranges","new",0.371657936,0.543446057914908,0.201049485965001,0.773303038837093
"855",855,855,17,5,5,5,5,"Hart Ranges","new",0.385461678,0.57857279260341,0.20998691813897,0.802628549318642
"856",856,856,18,5,5,5,5,"Hart Ranges","new",0.39945218,0.6129218941357,0.219212643474826,0.828999380470842
"857",857,857,19,5,5,5,5,"Hart Ranges","new",0.413608708,0.646183413997509,0.228726346801756,0.852494326962815
"858",858,858,20,5,5,5,5,"Hart Ranges","new",0.427909462,0.678087908211302,0.238526803709536,0.873254689284367
"859",859,859,21,5,5,5,5,"Hart Ranges","new",0.442331689,0.708413683155192,0.248611830369755,0.891465176363301
"860",860,860,22,5,5,5,5,"Hart Ranges","new",0.45685183,0.736990695436582,0.258978237532466,0.907336857754169
"861",861,861,23,5,5,5,5,"Hart Ranges","new",0.471445667,0.763701210859892,0.26962178958231,0.921092971893162
"862",862,862,24,5,5,5,5,"Hart Ranges","new",0.486088478,0.788477630570945,0.280537169542813,0.932957841919399
"863",863,863,25,5,5,5,5,"Hart Ranges","new",0.50075521,0.81129809265618,0.291717950904798,0.943148763609342
"864",864,864,26,5,5,5,5,"Hart Ranges","new",0.515420642,0.832180546274538,0.303156577122783,0.951870502112811
"865",865,865,27,5,5,5,5,"Hart Ranges","new",0.530059564,0.851175985574124,0.314844349570839,0.959311933067997
"866",866,866,28,5,5,5,5,"Hart Ranges","new",0.544646947,0.868361448125668,0.326771424675606,0.96564435056369
"867",867,867,29,5,5,5,5,"Hart Ranges","new",0.559158116,0.883833257719608,0.338926820849004,0.971021004268728
"868",868,868,30,5,5,5,5,"Hart Ranges","new",0.573568912,0.897700851903274,0.351298435727017,0.975577493860074
"869",869,869,0,5,5,5,5,"South Selkirks","new",0.187854543,0.108237131564126,0.06496946746447,0.170101767744327
"870",870,870,1,5,5,5,5,"South Selkirks","new",0.19697165,0.122799562589012,0.0851765219351395,0.196366816949607
"871",871,871,2,5,5,5,5,"South Selkirks","new",0.206418773,0.139015824741802,0.110922876242173,0.22558501180058
"872",872,872,3,5,5,5,5,"South Selkirks","new",0.21619701,0.156990274035675,0.143233117194191,0.257756288693534
"873",873,873,4,5,5,5,5,"South Selkirks","new",0.226306359,0.176811513240668,0.183017497889422,0.292781012007839
"874",874,874,5,5,5,5,5,"South Selkirks","new",0.236745639,0.198545927894387,0.230874576520679,0.330446181786781
"875",875,875,6,5,5,5,5,"South Selkirks","new",0.247512418,0.222230770820369,0.286851913810333,0.370418923270327
"876",876,876,7,5,5,5,5,"South Selkirks","new",0.258602948,0.247867197429126,0.350221316685943,0.412249846249994
"877",877,877,8,5,5,5,5,"South Selkirks","new",0.270012106,0.275413790162025,0.419357841417519,0.455387786976603
"878",878,878,9,5,5,5,5,"South Selkirks","new",0.281733342,0.30478122030615,0.491812329974181,0.499205755485285
"879",879,879,10,5,5,5,5,"South Selkirks","new",0.293758641,0.335828749471548,0.564612410743219,0.543035927109335
"880",880,880,11,5,5,5,5,"South Selkirks","new",0.306078492,0.368363241890842,0.634729167266684,0.586209735761769
"881",881,881,12,5,5,5,5,"South Selkirks","new",0.318681878,0.40214122114518,0.699562579994778,0.628098061298174
"882",882,882,13,5,5,5,5,"South Selkirks","new",0.331556269,0.436874256736582,0.757288764711542,0.668146483250262
"883",883,883,14,5,5,5,5,"South Selkirks","new",0.34468764,0.472237626789728,0.806983679410292,0.705901604767209
"884",884,884,15,5,5,5,5,"South Selkirks","new",0.3580605,0.507881818102972,0.848538649929545,0.741026214323039
"885",885,885,16,5,5,5,5,"South Selkirks","new",0.371657936,0.543446057914908,0.882450338480504,0.773303038837093
"886",886,886,17,5,5,5,5,"South Selkirks","new",0.385461678,0.57857279260341,0.90957840496252,0.802628549318642
"887",887,887,18,5,5,5,5,"South Selkirks","new",0.39945218,0.6129218941357,0.930935846918077,0.828999380470842
"888",888,888,19,5,5,5,5,"South Selkirks","new",0.413608708,0.646183413997509,0.947539643225245,0.852494326962815
"889",889,889,20,5,5,5,5,"South Selkirks","new",0.427909462,0.678087908211302,0.960321835943487,0.873254689284367
"890",890,890,21,5,5,5,5,"South Selkirks","new",0.442331689,0.708413683155192,0.970087909203156,0.891465176363301
"891",891,891,22,5,5,5,5,"South Selkirks","new",0.45685183,0.736990695436582,0.977506540023578,0.907336857754169
"892",892,892,23,5,5,5,5,"South Selkirks","new",0.471445667,0.763701210859892,0.983117264005894,0.921092971893162
"893",893,893,24,5,5,5,5,"South Selkirks","new",0.486088478,0.788477630570945,0.987346576458764,0.932957841919399
"894",894,894,25,5,5,5,5,"South Selkirks","new",0.50075521,0.81129809265618,0.99052660859628,0.943148763609342
"895",895,895,26,5,5,5,5,"South Selkirks","new",0.515420642,0.832180546274538,0.992913178024572,0.951870502112811
"896",896,896,27,5,5,5,5,"South Selkirks","new",0.530059564,0.851175985574124,0.99470173061257,0.959311933067997
"897",897,897,28,5,5,5,5,"South Selkirks","new",0.544646947,0.868361448125668,0.9960406931777,0.96564435056369
"898",898,898,29,5,5,5,5,"South Selkirks","new",0.559158116,0.883833257719608,0.997042283344455,0.971021004268728
"899",899,899,30,5,5,5,5,"South Selkirks","new",0.573568912,0.897700851903274,0.997791062064709,0.975577493860074
