"DU","Season","Years.Old","Coefficient","p.values","coefficent.km","years"
"1",6,"Early Winter","1",0.000000204849298082682,0.0021170931444633,0.000204849298082682,1
"2",6,"Early Winter","2",0.0000000479079179744031,0.46727460894484,0.0000479079179744031,2
"3",6,"Early Winter","3",0.000000254524056019841,0.0000870150894960912,0.000254524056019841,3
"4",6,"Early Winter","4",-0.000000496192088141284,0.0000000000000063404590472215,-0.000496192088141284,4
"5",6,"Early Winter","5",-0.000000752215442504327,0.0000000000000000000000000000000978913445921845,-0.000752215442504327,5
"6",6,"Early Winter","6",-0.000000598479190554136,0.0000000000000000631977326698946,-0.000598479190554136,6
"7",6,"Early Winter","7",-0.000000321636038262135,0.000191175367092208,-0.000321636038262135,7
"8",6,"Early Winter","8",0.000000613524359652755,0.00000122812121581003,0.000613524359652755,8
"9",6,"Early Winter","9",0.000000698989064279878,0.000000325972207429457,0.000698989064279878,9
"10",6,"Early Winter","10",0.000000957246162832704,0.000000000021199564117895,0.000957246162832704,10
"11",6,"Early Winter","11",0.00000029089845930349,0.0784053042576344,0.00029089845930349,11
"12",6,"Early Winter","12",0.000000243510072288469,0.20667187246159,0.000243510072288469,12
"13",6,"Early Winter","13",0.0000020386137054198,0.0000000000000000000000000000307316405445775,0.0020386137054198,13
"14",6,"Early Winter","14",0.00000239181937839078,0.00000000000000000000000000000000000000000000000000000871971168828039,0.00239181937839078,14
"15",6,"Early Winter","15",0.00000205354471473756,0.0000000000000000000000000000000000000000000001759563772229,0.00205354471473756,15
"16",6,"Early Winter","16",0.00000148741629745089,0.0000000000000000000000108199036746672,0.00148741629745089,16
"17",6,"Early Winter","17",0.000000737192581021272,0.00000177832008084235,0.000737192581021272,17
"18",6,"Early Winter","18",0.000000483942762324737,0.00402523930635789,0.000483942762324737,18
"19",6,"Early Winter","19",-0.0000000861655973212389,0.630880643219162,-0.0000861655973212389,19
"20",6,"Early Winter","20",0.00000100456692436863,0.000000000148635580290257,0.00100456692436863,20
"21",6,"Early Winter","21",0.000000904725959765041,0.0000000000973561139920973,0.000904725959765041,21
"22",6,"Early Winter","22",0.000000623186414321648,0.00000972593515317988,0.000623186414321648,22
"23",6,"Early Winter","23",0.000000514062046924572,0.000284715115641382,0.000514062046924572,23
"24",6,"Early Winter","24",0.000000129017285164504,0.421037791499187,0.000129017285164504,24
"25",6,"Early Winter","25",0.00000095553179403384,0.000000000861607996926722,0.00095553179403384,25
"26",6,"Early Winter","26",0.00000221400985822851,0.000000000000000000000000000000000000000000000000000000142443496869969,0.00221400985822851,26
"27",6,"Early Winter","27",0.00000161101825865005,0.0000000000000000000000000000000000661467703427311,0.00161101825865005,27
"28",6,"Early Winter","28",0.00000154596001482983,0.0000000000000000000000000000000000209742712796066,0.00154596001482983,28
"29",6,"Early Winter","29",0.000000666110060626137,0.000000111642739827024,0.000666110060626137,29
"30",6,"Early Winter","30",0.000000143736962153206,0.285932820343478,0.000143736962153206,30
"31",6,"Early Winter","31",0.000000937811945760195,0.0000000000388330852741748,0.000937811945760195,31
"32",6,"Early Winter","32",0.00000142196377324044,0.0000000000000000000000434746083674631,0.00142196377324044,32
"33",6,"Early Winter","33",0.00000193105243174384,0.00000000000000000000000000000000000000000368383321723088,0.00193105243174384,33
"34",6,"Early Winter","34",0.00000160412135380674,0.000000000000000000000000000000000000249725224222488,0.00160412135380674,34
"35",6,"Early Winter","35",0.00000159235956028211,0.000000000000000000000000000000000001103546597303,0.00159235956028211,35
"36",6,"Early Winter","36",0.00000111363055343676,0.00000000000000000000000000000000000000000000000000000177301019772434,0.00111363055343676,36
"37",6,"Early Winter","37",0.00000110297244057001,0.00000000000000000000000000000000000000000000000242487680670002,0.00110297244057001,37
"38",6,"Early Winter","38",0.000000985461407854818,0.00000000000000000000000000000000000000122160617940248,0.000985461407854818,38
"39",6,"Early Winter","39",0.00000120104103220056,0.0000000000000000000000000000000000000000000038897561199616,0.00120104103220056,39
"40",6,"Early Winter","40",0.000000607486559541787,0.0000000000579461346075306,0.000607486559541787,40
"41",6,"Early Winter","41",0.00000135611935279331,0.0000000000000000000000000000000000000000000000000000000000000000000000000000000000000000000000152645676138657,0.00135611935279331,41
"42",6,"Early Winter","42",0.000000192909570455997,0.00182058713220432,0.000192909570455997,42
"43",6,"Early Winter","43",0.000000396208364093988,0.00000000000861164554898384,0.000396208364093988,43
"44",6,"Early Winter","44",-0.0000000813920463673962,0.171448202678243,-0.0000813920463673962,44
"45",6,"Early Winter","45",-0.000000212806854967423,0.000629088918867627,-0.000212806854967423,45
"46",6,"Early Winter","46",0.00000032348758706781,0.0000221981697098854,0.00032348758706781,46
"47",6,"Early Winter","47",0.000000255845597924236,0.000124521281903632,0.000255845597924236,47
"48",6,"Early Winter","48",0.00000079348100303385,0.00000000000000000000000000000000017554579258617,0.00079348100303385,48
"49",6,"Early Winter","49",0.00000082967139842254,0.0000000000000000000000000000000000000000816832025709074,0.00082967139842254,49
"50",6,"Early Winter","50",0.000000703894031604373,0.00000000000000000000000000000696450676103114,0.000703894031604373,50
"51",6,"Early Winter",">50",0.000000593955972464897,0.00000000000000000000499408757027893,0.000593955972464897,51
"52",6,"Late Winter","1",0.000000329946381338971,0.00000000000231237116235625,0.000329946381338971,1
"53",6,"Late Winter","2",0.000000237179099250598,0.000000443325848971116,0.000237179099250598,2
"54",6,"Late Winter","3",-0.000000227155234502844,0.000000805751483287719,-0.000227155234502844,3
"55",6,"Late Winter","4",-0.00000115794218230588,0.00000000000000000000000000000000000000000000000000000000000000000000000000000000000000000000000000000000000000000000000000000000000000000000000697399731271526,-0.00115794218230588,4
"56",6,"Late Winter","5",-0.00000170018564132998,0.00000000000000000000000000000000000000000000000000000000000000000000000000000000000000000000000000000000000000000000000000000000000000000000000000000000000000000000000000000000000000000000000000000000000000000000000000000000000000000000000000000000000000000000000000000000000000000000000000261933754256533,-0.00170018564132998,5
"57",6,"Late Winter","6",-0.00000152544122176051,0.000000000000000000000000000000000000000000000000000000000000000000000000000000000000000000000000000000000000000000000000000000000000000000000000000000000000000000000000000000000000000000000000000231269015462165,-0.00152544122176051,6
"58",6,"Late Winter","7",-0.00000089364207509524,0.00000000000000000000000000000000000000000000000122442977155217,-0.00089364207509524,7
"59",6,"Late Winter","8",-0.000000196354066021876,0.0353439348102145,-0.000196354066021876,8
"60",6,"Late Winter","9",0.000000524502184989823,0.000000478187749419793,0.000524502184989823,9
"61",6,"Late Winter","10",0.00000109096476685485,0.000000000000000000000276843930246786,0.00109096476685485,10
"62",6,"Late Winter","11",0.000000374431139245964,0.00578518642340766,0.000374431139245964,11
"63",6,"Late Winter","12",0.000000826158442219707,0.000000136210016026958,0.000826158442219707,12
"64",6,"Late Winter","13",0.00000181355390775187,0.0000000000000000000000000000000000000000814857937130122,0.00181355390775187,13
"65",6,"Late Winter","14",0.00000240327528474198,0.0000000000000000000000000000000000000000000000000000000000000000000000000000000000000000262561472404256,0.00240327528474198,14
"66",6,"Late Winter","15",0.00000140836083206585,0.0000000000000000000000000000000000000371174832578554,0.00140836083206585,15
"67",6,"Late Winter","16",0.000000248919554207776,0.0243651291168422,0.000248919554207776,16
"68",6,"Late Winter","17",-0.00000011287143307996,0.34172953822722,-0.00011287143307996,17
"69",6,"Late Winter","18",-0.000000195702681476219,0.126948379256358,-0.000195702681476219,18
"70",6,"Late Winter","19",0.000000212985980581236,0.123334167115773,0.000212985980581236,19
"71",6,"Late Winter","20",0.00000188997687815146,0.00000000000000000000000000000000000000000000000000000169855354624316,0.00188997687815146,20
"72",6,"Late Winter","21",0.0000015585653121454,0.00000000000000000000000000000000000000000000244874612205762,0.0015585653121454,21
"73",6,"Late Winter","22",0.00000130372511047285,0.000000000000000000000000000000374916125505197,0.00130372511047285,22
"74",6,"Late Winter","23",0.00000152471592953119,0.00000000000000000000000000000000000000000246792954744715,0.00152471592953119,23
"75",6,"Late Winter","24",0.000000767112951636153,0.00000000213178800141269,0.000767112951636153,24
"76",6,"Late Winter","25",0.00000080442592170161,0.0000000000272920120709938,0.00080442592170161,25
"77",6,"Late Winter","26",0.00000128494037854912,0.00000000000000000000000000000000366465559834767,0.00128494037854912,26
"78",6,"Late Winter","27",0.00000044949919162681,0.00000626727193770792,0.00044949919162681,27
"79",6,"Late Winter","28",0.0000000415826158242298,0.658287443522222,0.0000415826158242298,28
"80",6,"Late Winter","29",-0.0000000691852145411867,0.475543682264181,-0.0000691852145411867,29
"81",6,"Late Winter","30",-0.000000785905350984382,0.0000000000000199532154210824,-0.000785905350984382,30
"82",6,"Late Winter","31",0.0000000959376757548228,0.367666073367731,0.0000959376757548228,31
"83",6,"Late Winter","32",0.00000137714316522139,0.00000000000000000000000000000000000243417702785831,0.00137714316522139,32
"84",6,"Late Winter","33",0.00000112661163279467,0.00000000000000000000000182210624398383,0.00112661163279467,33
"85",6,"Late Winter","34",0.000000713415376851621,0.000000000000308831022836013,0.000713415376851621,34
"86",6,"Late Winter","35",0.000000722893156072049,0.000000000000238604611631137,0.000722893156072049,35
"87",6,"Late Winter","36",0.00000127859141503978,0.0000000000000000000000000000000000000000000000000000000000000000000000000000000000000000000000000000000000000000000000259012663811268,0.00127859141503978,36
"88",6,"Late Winter","37",0.00000128615915124077,0.0000000000000000000000000000000000000000000000000000000000000000000000000000000000000000000000000000243717656752657,0.00128615915124077,37
"89",6,"Late Winter","38",0.00000128332950360389,0.0000000000000000000000000000000000000000000000000000000000000000000000000000000000000000000000000027328082215737,0.00128332950360389,38
"90",6,"Late Winter","39",0.00000132934234784648,0.00000000000000000000000000000000000000000000000000000000000000000000000000000000000000000104334293846486,0.00132934234784648,39
"91",6,"Late Winter","40",0.00000104182179446287,0.000000000000000000000000000000000000000000239933255336394,0.00104182179446287,40
"92",6,"Late Winter","41",0.00000176176877843487,0.00000000000000000000000000000000000000000000000000000000000000000000000000000000000000000000000000000000000000000000000000000000000000000000000000000000000000000000000000000000000000000000000000000000000000000000000000000000000000000000000000000000000000000000000000000000000000000000000000000657018879890149,0.00176176877843487,41
"93",6,"Late Winter","42",0.000000322825386345029,0.000000000000586381741680656,0.000322825386345029,42
"94",6,"Late Winter","43",0.0000000859242469728855,0.0465221293578708,0.0000859242469728855,43
"95",6,"Late Winter","44",-0.000000465820314325687,0.0000000000000000000000000000561552379897317,-0.000465820314325687,44
"96",6,"Late Winter","45",-0.000000446591328495037,0.0000000000000000000000369191247658773,-0.000446591328495037,45
"97",6,"Late Winter","46",-0.000000447898059900798,0.0000000000000000682160250962589,-0.000447898059900798,46
"98",6,"Late Winter","47",0.00000016334594350709,0.000716747598929991,0.00016334594350709,47
"99",6,"Late Winter","48",0.000000741988657389067,0.0000000000000000000000000000000000000000000000000302337522841395,0.000741988657389067,48
"100",6,"Late Winter","49",0.00000101900734663017,0.0000000000000000000000000000000000000000000000000000000000000000000000000000000000000000000000000589759024920247,0.00101900734663017,49
"101",6,"Late Winter","50",0.00000102138757699557,0.000000000000000000000000000000000000000000000000000000000000000000000000000000000000000000000000000432781940485572,0.00102138757699557,50
"102",6,"Late Winter",">50",0.00000101259098441425,0.000000000000000000000000000000000000000000000000000000000000000000000000000000000000000000000371476990637381,0.00101259098441425,51
"103",6,"Summer","1",0.000000822957476579455,0.00000000000000000000000000000000000000000000000000000000000000000000000000000000000133036514054829,0.000822957476579455,1
"104",6,"Summer","2",0.000000887453484897553,0.000000000000000000000000000000000000000000000000000000000000000000000000000000000000000000000000000841036821721898,0.000887453484897553,2
"105",6,"Summer","3",0.00000057460944980898,0.000000000000000000000000000000000000000000000531846901746894,0.00057460944980898,3
"106",6,"Summer","4",-0.00000118356018320583,0.000000000000000000000000000000000000000000000000000000000000000000000000000000000000000000000000000000000000000000000000000000000000000000000000000000000000000000000000000000000000000557514257421778,-0.00118356018320583,4
"107",6,"Summer","5",-0.00000239725852997001,0,-0.00239725852997001,5
"108",6,"Summer","6",-0.00000230079901553657,0,-0.00230079901553657,6
"109",6,"Summer","7",-0.00000211824578344923,0.00000000000000000000000000000000000000000000000000000000000000000000000000000000000000000000000000000000000000000000000000000000000000000000000000000000000000000000000000000000000000000000000000000000000000000000000000000000000000000000000000000000000000000000000000000000000000000000000000000000334726816085131,-0.00211824578344923,7
"110",6,"Summer","8",-0.00000209634249979862,0.00000000000000000000000000000000000000000000000000000000000000000000000000000000000000000000000000000000000000000000000000000639783839816379,-0.00209634249979862,8
"111",6,"Summer","9",-0.00000255360198823204,0.0000000000000000000000000000000000000000000000000000000000000000000000000000000000000000000000000000000000000000000000000000000000000000000362744485781356,-0.00255360198823204,9
"112",6,"Summer","10",-0.0000023504656829796,0.000000000000000000000000000000000000000000000000000000000000000000000000000000000000000000000000000000176731516189659,-0.0023504656829796,10
"113",6,"Summer","11",-0.00000277887940282435,0.000000000000000000000000000000000000000000000000000000000000000000000000000000000000000000000000000202930248756985,-0.00277887940282435,11
"114",6,"Summer","12",-0.000000407107833694371,0.00350024731661643,-0.000407107833694371,12
"115",6,"Summer","13",0.00000201375441423139,0.000000000000000000000000000000000000000000000000000000000000000000128381169252815,0.00201375441423139,13
"116",6,"Summer","14",0.00000286075410904864,0.00000000000000000000000000000000000000000000000000000000000000000000000000000000000000000000000000000000000000000000000000000000000000000000000000000000000000000000000000000171583118285418,0.00286075410904864,14
"117",6,"Summer","15",0.00000170084144582336,0.00000000000000000000000000000000000000000000000000000000000000000000000742304759455415,0.00170084144582336,15
"118",6,"Summer","16",-0.0000000220254337638118,0.825776338450975,-0.0000220254337638118,16
"119",6,"Summer","17",-0.00000157693282877714,0.0000000000000000000000000000000000000000000000135053021965648,-0.00157693282877714,17
"120",6,"Summer","18",-0.00000207100225541125,0.0000000000000000000000000000000000000000000000000000000000000000000174378133660377,-0.00207100225541125,18
"121",6,"Summer","19",-0.00000141141834189284,0.00000000000000000000000000000080772219702049,-0.00141141834189284,19
"122",6,"Summer","20",-0.0000000265303301603627,0.808336934878706,-0.0000265303301603627,20
"123",6,"Summer","21",-0.000000168336910591963,0.0962412260093963,-0.000168336910591963,21
"124",6,"Summer","22",-0.000000480741104228261,0.00000349626344135203,-0.000480741104228261,22
"125",6,"Summer","23",-0.000000430805164752778,0.0000292609282374194,-0.000430805164752778,23
"126",6,"Summer","24",-0.00000041963678422039,0.00031384521258431,-0.00041963678422039,24
"127",6,"Summer","25",0.00000137031573038931,0.0000000000000000000000000000000000000000300951904124494,0.00137031573038931,25
"128",6,"Summer","26",0.00000193819496651656,0.0000000000000000000000000000000000000000000000000000000000000000000000000000000000000000000000000218732557014994,0.00193819496651656,26
"129",6,"Summer","27",0.000000508889707291202,0.00000000581595068803994,0.000508889707291202,27
"130",6,"Summer","28",-0.000000615751824741919,0.000000000000109557551082544,-0.000615751824741919,28
"131",6,"Summer","29",-0.00000171127964168367,0.000000000000000000000000000000000000000000000000000000000000000000000000000000000000109609139989631,-0.00171127964168367,29
"132",6,"Summer","30",-0.00000274728641319621,0.00000000000000000000000000000000000000000000000000000000000000000000000000000000000000000000000000000000000000000000000000000000000000000000000000000000000000000000000000000000000000139838714624549,-0.00274728641319621,30
"133",6,"Summer","31",-0.00000117706191912614,0.000000000000000000000000000000000762147023660094,-0.00117706191912614,31
"134",6,"Summer","32",0.000000484545901711782,0.000000806114829689941,0.000484545901711782,32
"135",6,"Summer","33",-0.000000057294962740806,0.556184907613021,-0.000057294962740806,33
"136",6,"Summer","34",-0.000000670518920596412,0.0000000000000289174601283282,-0.000670518920596412,34
"137",6,"Summer","35",-0.000000827266418803343,0.0000000000000000000365393997158386,-0.000827266418803343,35
"138",6,"Summer","36",0.000000367193755837359,0.00000000000325867263225911,0.000367193755837359,36
"139",6,"Summer","37",0.000000377402167215809,0.000000000903059351633279,0.000377402167215809,37
"140",6,"Summer","38",0.000000618096659350937,0.0000000000000000000000000336973976369834,0.000618096659350937,38
"141",6,"Summer","39",0.000000975361179042003,0.00000000000000000000000000000000000000000000000000000250401927816137,0.000975361179042003,39
"142",6,"Summer","40",0.00000104609294862216,0.00000000000000000000000000000000000000000000000000184239458801841,0.00104609294862216,40
"143",6,"Summer","41",0.00000222053736364793,0,0.00222053736364793,41
"144",6,"Summer","42",0.000000821097361128995,0.00000000000000000000000000000000000000000000000000000000000000000000000000000000000000000000000131431289178258,0.000821097361128995,42
"145",6,"Summer","43",0.000000426657584704101,0.00000000000000000000000000000855820941182089,0.000426657584704101,43
"146",6,"Summer","44",-0.000000405480851003643,0.00000000000000000000000000301292463670751,-0.000405480851003643,44
"147",6,"Summer","45",-0.00000128115666251897,0.00000000000000000000000000000000000000000000000000000000000000000000000000000000000000000000000000000000000000000000000000000000000000000000000000000000000000000000000000000000000000000000000000000000000000000000386692162154051,-0.00128115666251897,45
"148",6,"Summer","46",-0.000000445843901862253,0.0000000000000000000295747332925825,-0.000445843901862253,46
"149",6,"Summer","47",-0.00000086597434517042,0.0000000000000000000000000000000000000000000000000000000000000000000000000000000000357841461034566,-0.00086597434517042,47
"150",6,"Summer","48",-0.000000551417752148527,0.0000000000000000000000000000013806788665332,-0.000551417752148527,48
"151",6,"Summer","49",0.0000000216611926154844,0.645627593341332,0.0000216611926154844,49
"152",6,"Summer","50",0.000000100218296581496,0.0332441674295898,0.000100218296581496,50
"153",6,"Summer",">50",0.0000000915664606668676,0.0557897661693472,0.0000915664606668676,51
"154",7,"Early Winter","1",0.000000213955780489481,0.10179377885799,0.000213955780489481,1
"155",7,"Early Winter","2",0.000000530305015532566,0.0000148672630554082,0.000530305015532566,2
"156",7,"Early Winter","3",0.000000488163090931169,0.00000988939797010064,0.000488163090931169,3
"157",7,"Early Winter","4",-0.000000873991763798835,0.0000000000000123704467899109,-0.000873991763798835,4
"158",7,"Early Winter","5",-0.00000126312686694358,0.00000000000000000000136384544509056,-0.00126312686694358,5
"159",7,"Early Winter","6",-0.00000334016681916026,0.000000000000000000000000000000000000000000000000000000000000000000000000000000000000282657436654884,-0.00334016681916026,6
"160",7,"Early Winter","7",-0.00000199970953710017,0.0000000000000000000000497498843853224,-0.00199970953710017,7
"161",7,"Early Winter","8",-0.00000202646065841434,0.00000000000018590631677972,-0.00202646065841434,8
"162",7,"Early Winter","9",-0.00000240372127316895,0.0000000000000000202502100143028,-0.00240372127316895,9
"163",7,"Early Winter","10",0.000000660809520087217,0.0251510414227418,0.000660809520087217,10
"164",7,"Early Winter","11",-0.00000166355502162369,0.000000221754303491718,-0.00166355502162369,11
"165",7,"Early Winter","12",0.0000000348893668944713,0.919190817975582,0.0000348893668944713,12
"166",7,"Early Winter","13",-0.00000160068442117759,0.00000204573798768671,-0.00160068442117759,13
"167",7,"Early Winter","14",0.0000000645357784128197,0.832098082038251,0.0000645357784128197,14
"168",7,"Early Winter","15",0.00000034039362984689,0.24334758920692,0.00034039362984689,15
"169",7,"Early Winter","16",0.000000321718578040316,0.259418768475161,0.000321718578040316,16
"170",7,"Early Winter","17",-0.000000279139064062048,0.333609821273515,-0.000279139064062048,17
"171",7,"Early Winter","18",0.000000314661046552395,0.272359378770239,0.000314661046552395,18
"172",7,"Early Winter","19",-0.000000975251088237794,0.0006114500192409,-0.000975251088237794,19
"173",7,"Early Winter","20",-0.000000615799813741169,0.021502388673855,-0.000615799813741169,20
"174",7,"Early Winter","21",-0.0000011893754988091,0.0000074176955326746,-0.0011893754988091,21
"175",7,"Early Winter","22",-0.000000862283609806706,0.000964511263239853,-0.000862283609806706,22
"176",7,"Early Winter","23",0.0000000393768691872394,0.872642969236349,0.0000393768691872394,23
"177",7,"Early Winter","24",0.0000000698411895943564,0.750596024877029,0.0000698411895943564,24
"178",7,"Early Winter","25",0.000000172150222181301,0.410164859063866,0.000172150222181301,25
"179",7,"Early Winter","26",0.000000591445628435199,0.0025499556526979,0.000591445628435199,26
"180",7,"Early Winter","27",0.000000420676426601386,0.0312309569751087,0.000420676426601386,27
"181",7,"Early Winter","28",0.000000345146855561938,0.085263060702461,0.000345146855561938,28
"182",7,"Early Winter","29",0.000000301591159538069,0.131662049433153,0.000301591159538069,29
"183",7,"Early Winter","30",0.00000197430082852913,0.00000000000000000000000128279987495837,0.00197430082852913,30
"184",7,"Early Winter","31",-0.0000000174219956392873,0.930937908589362,-0.0000174219956392873,31
"185",7,"Early Winter","32",0.000000490187267681555,0.0136732411820561,0.000490187267681555,32
"186",7,"Early Winter","33",0.00000119883692951635,0.000000000357912861066147,0.00119883692951635,33
"187",7,"Early Winter","34",0.00000100415322613575,0.000000147888664788697,0.00100415322613575,34
"188",7,"Early Winter","35",0.00000172244671283593,0.000000000000000000292758542010436,0.00172244671283593,35
"189",7,"Early Winter","36",0.000000451027175738626,0.0140602782372108,0.000451027175738626,36
"190",7,"Early Winter","37",0.00000326273557180804,0.0000000000000000000000000000000000000000000000000000000000000000000000000000000000159978913204412,0.00326273557180804,37
"191",7,"Early Winter","38",0.000000666744029874134,0.000201657257527249,0.000666744029874134,38
"192",7,"Early Winter","39",0.00000305515504528853,0.000000000000000000000000000000000000000000000000000000000000806708165927185,0.00305515504528853,39
"193",7,"Early Winter","40",0.00000295570004306092,0.000000000000000000000000000000000000000000000000000000000207482530603094,0.00295570004306092,40
"194",7,"Early Winter","41",0.00000205475815979303,0.0000000000000000000000000000000000000133555022990254,0.00205475815979303,41
"195",7,"Early Winter","42",0.000000471226294155915,0.0010328784286387,0.000471226294155915,42
"196",7,"Early Winter","43",0.00000084740443281023,0.0000000000048297277184944,0.00084740443281023,43
"197",7,"Early Winter","44",-0.00000018092875961913,0.109290902994593,-0.00018092875961913,44
"198",7,"Early Winter","45",0.000000695435663131397,0.000000000755272851842388,0.000695435663131397,45
"199",7,"Early Winter","46",0.000000618476124131355,0.0000000152904051071623,0.000618476124131355,46
"200",7,"Early Winter","47",0.000000282932912898611,0.0169057235883527,0.000282932912898611,47
"201",7,"Early Winter","48",0.0000012674235222321,0.000000000000000000000000227981294125842,0.0012674235222321,48
"202",7,"Early Winter","49",0.000000419922858873855,0.000750832156096806,0.000419922858873855,49
"203",7,"Early Winter","50",0.00000206761708200254,0.0000000000000000000000000000000000000000000000000000000000000000000000367318065931579,0.00206761708200254,50
"204",7,"Early Winter",">50",0.00000116609532456653,0.000000000000000000000002417074076371,0.00116609532456653,51
"205",7,"Late Winter","1",-0.00000091523622626591,0.0000000000000000000000000000000000000000290614689333986,-0.00091523622626591,1
"206",7,"Late Winter","2",0.000000244384446496209,0.000242504566282443,0.000244384446496209,2
"207",7,"Late Winter","3",0.00000112753835960009,0.0000000000000000000000000000000000000000000000000000000000000000246642620117954,0.00112753835960009,3
"208",7,"Late Winter","4",0.000000593726106494073,0.0000000000000000562757023978811,0.000593726106494073,4
"209",7,"Late Winter","5",0.0000000947201825730253,0.139030864482965,0.0000947201825730253,5
"210",7,"Late Winter","6",-0.00000113656391785615,0.00000000000000000000000000000000000000000000000000000103203473870261,-0.00113656391785615,6
"211",7,"Late Winter","7",-0.00000101280314945334,0.00000000000000000000000000000000000000000000000562142512418652,-0.00101280314945334,7
"212",7,"Late Winter","8",-0.000000485870384469738,0.00000000257261791564861,-0.000485870384469738,8
"213",7,"Late Winter","9",0.00000012143661922849,0.197681037160753,0.00012143661922849,9
"214",7,"Late Winter","10",0.000000340998420728363,0.0000571137688938736,0.000340998420728363,10
"215",7,"Late Winter","11",-0.000000771015118441422,0.00000194613809005792,-0.000771015118441422,11
"216",7,"Late Winter","12",0.000000922695701333444,0.0000000000000000000955194295194267,0.000922695701333444,12
"217",7,"Late Winter","13",0.000000299073223005503,0.0454676448238183,0.000299073223005503,13
"218",7,"Late Winter","14",-0.00000137864182089557,0.000000000000000358913911229472,-0.00137864182089557,14
"219",7,"Late Winter","15",0.0000000630533088394849,0.583358891198124,0.0000630533088394849,15
"220",7,"Late Winter","16",-0.0000000147971901805865,0.922697686605971,-0.0000147971901805865,16
"221",7,"Late Winter","17",0.000000694370260106144,0.000000000000969494182013175,0.000694370260106144,17
"222",7,"Late Winter","18",-0.00000063039633396974,0.000026030973508805,-0.00063039633396974,18
"223",7,"Late Winter","19",-0.000000730065807067788,0.000000497667638585061,-0.000730065807067788,19
"224",7,"Late Winter","20",-0.00000100865943589769,0.000000000000125744261500116,-0.00100865943589769,20
"225",7,"Late Winter","21",-0.00000207549891768497,0.0000000000000000000000000000000000000000000000467654690605783,-0.00207549891768497,21
"226",7,"Late Winter","22",-0.000000202116925837762,0.0342678202416603,-0.000202116925837762,22
"227",7,"Late Winter","23",-0.00000146864699215991,0.000000000000000000000000000259405648755012,-0.00146864699215991,23
"228",7,"Late Winter","24",-0.00000180773827971568,0.000000000000000000000000000000000000000575450072975472,-0.00180773827971568,24
"229",7,"Late Winter","25",-0.0000017415763331304,0.00000000000000000000000000000000000000815289780389032,-0.0017415763331304,25
"230",7,"Late Winter","26",-0.000000850063354073889,0.000000000898682913100732,-0.000850063354073889,26
"231",7,"Late Winter","27",0.000000668561596389207,0.000000774153622757698,0.000668561596389207,27
"232",7,"Late Winter","28",0.00000141118995762733,0.0000000000000000000000000000000000000000000000000000000000000000000000067399850529538,0.00141118995762733,28
"233",7,"Late Winter","29",0.00000247265066501098,0.0000000000000000000000000000000000000000000000000000000000000000000000000000000000154767150802213,0.00247265066501098,29
"234",7,"Late Winter","30",0.00000308853725371654,0.000000000000000000000000000000000000000000000000000000000000000000000000000000000000000000000000000000000000000000000000000000000000000000000000000000000000000000438682932109,0.00308853725371654,30
"235",7,"Late Winter","31",0.00000159778326373006,0.000000000000000000000000000000000000000000000000000000000000000000000000000000000000000000000000000000000000000000000000466034439510625,0.00159778326373006,31
"236",7,"Late Winter","32",0.00000123569614716762,0.000000000000000000000000000000000000000000000000000000000000000054806157280186,0.00123569614716762,32
"237",7,"Late Winter","33",0.00000112250975017236,0.000000000000000000000000000000000000000000000000000317741241898647,0.00112250975017236,33
"238",7,"Late Winter","34",0.00000111724737039365,0.000000000000000000000000000000000000000000000000856325613753553,0.00111724737039365,34
"239",7,"Late Winter","35",0.00000151149465874524,0.000000000000000000000000000000000000000000000000000000000000000000000000000000000000000001333666229349,0.00151149465874524,35
"240",7,"Late Winter","36",0.00000349873783558245,0.0000000000000000000000000000000000000000000000000000000000000000000000000000000000000000000000000000000000000000000000000000000000000000000000000000000000000000000000000000836898180096069,0.00349873783558245,36
"241",7,"Late Winter","37",0.00000257775518065064,0,0.00257775518065064,37
"242",7,"Late Winter","38",0.00000289109413328927,0,0.00289109413328927,38
"243",7,"Late Winter","39",0.00000321236176624062,0,0.00321236176624062,39
"244",7,"Late Winter","40",0.00000267337530814941,0.00000000000000000000000000000000000000000000000000000000000000000000000000000000000000000000000000000000000000000000000000000000000000000000000000000000000000000000000000000000000000000000000000000000000000000000000000000000000000000000000000000000000000000000000000000000000000000000000000000000456794882382111,0.00267337530814941,40
"245",7,"Late Winter","41",0.00000194925294130932,0.0000000000000000000000000000000000000000000000000000000000000000000000000000000000000000000000000000000000000000000000000000000000000000000000000000000000000000000000000000000000000000000000000000000000000302838620755043,0.00194925294130932,41
"246",7,"Late Winter","42",0.000000884547218394494,0.0000000000000000000000000000000000000000000458709683013883,0.000884547218394494,42
"247",7,"Late Winter","43",0.00000117778974126184,0.0000000000000000000000000000000000000000000000000000000000000000000000000295726155525446,0.00117778974126184,43
"248",7,"Late Winter","44",-0.000000176078710689509,0.0055456912930189,-0.000176078710689509,44
"249",7,"Late Winter","45",0.0000000571915547511209,0.314333280328118,0.0000571915547511209,45
"250",7,"Late Winter","46",0.0000000857109928952812,0.155742120596119,0.0000857109928952812,46
"251",7,"Late Winter","47",0.000000166001822537659,0.000889557019935781,0.000166001822537659,47
"252",7,"Late Winter","48",0.00000110871581874573,0.00000000000000000000000000000000000000000000000000000000000000000000000000000000000000827890200367096,0.00110871581874573,48
"253",7,"Late Winter","49",0.00000104393829474946,0.00000000000000000000000000000000000000000000000000000000000000473561747552322,0.00104393829474946,49
"254",7,"Late Winter","50",0.00000164538415429967,0.000000000000000000000000000000000000000000000000000000000000000000000000000000000000000000000000000000000000000000000000000000000000000000000000000000000000000000933811383408037,0.00164538415429967,50
"255",7,"Late Winter",">50",0.00000180253240469968,0.00000000000000000000000000000000000000000000000000000000000000000000000000000000000000000000000000000000000000000000000000000000000000000000000000000000000000000000000000000000000000000000000000000000000000000000757188938851328,0.00180253240469968,51
"256",7,"Summer","1",-0.00000240002655243622,0.0000000000000000000000000000000000000000000000000000000000000000000000000000000000000000000000000000000000000000000000000000000000000000000000000000000000000000000000000000000000000000000000000000000000000000000000000000000504945598414734,-0.00240002655243622,1
"257",7,"Summer","2",-0.000000851711604908704,0.0000000000000000000000000000270384568688922,-0.000851711604908704,2
"258",7,"Summer","3",0.000000620723953615796,0.000000000000000101537257620763,0.000620723953615796,3
"259",7,"Summer","4",-0.00000126991969959651,0.000000000000000000000000000000000000000000000000000000000000000000000000657509678634122,-0.00126991969959651,4
"260",7,"Summer","5",-0.00000430121223800471,0,-0.00430121223800471,5
"261",7,"Summer","6",-0.00000558811166531676,0,-0.00558811166531676,6
"262",7,"Summer","7",-0.00000563856185139133,0,-0.00563856185139133,7
"263",7,"Summer","8",-0.0000070596263616361,0,-0.0070596263616361,8
"264",7,"Summer","9",-0.0000088490316320715,0,-0.0088490316320715,9
"265",7,"Summer","10",-0.00000917880155424125,0,-0.00917880155424125,10
"266",7,"Summer","11",-0.0000074860292559228,0.00000000000000000000000000000000000000000000000000000000000000000000000000000000000000000000000000000000000000000000000000000000000000000000000000000000000000000000000000000000000000000000000000000000000000000000000000000000000000000000000000000000000000000000000000000000000000119360900477189,-0.0074860292559228,11
"267",7,"Summer","12",-0.00000879324581340283,0,-0.00879324581340283,12
"268",7,"Summer","13",-0.0000081857749626804,0.000000000000000000000000000000000000000000000000000000000000000000000000000000000000000000000000000000000000000000000000000000000000000000000000000000000000000000000000000000000000000000000000000000000000000000000000000000000000000000000000000000000000000000000000000000000000000000000000820577893589376,-0.0081857749626804,13
"269",7,"Summer","14",-0.00000748608521999941,0.0000000000000000000000000000000000000000000000000000000000000000000000000000000000000000000000000000000000000000000000000000000000000000000000000000000000000000000000000000000000000000000000000000000000000000000000000000000000000000000000000000000000000000000000000000000434804510296412,-0.00748608521999941,14
"270",7,"Summer","15",-0.00000766980268967107,0,-0.00766980268967107,15
"271",7,"Summer","16",-0.00000692637302524885,0.0000000000000000000000000000000000000000000000000000000000000000000000000000000000000000000000000000000000000000000000000000000000000000000000000000000000000000000000000000000000000000000000000000000000000000000000000000000000000000000000000000000000111659086538664,-0.00692637302524885,16
"272",7,"Summer","17",-0.0000069327381102238,0.00000000000000000000000000000000000000000000000000000000000000000000000000000000000000000000000000000000000000000000000000000000000000000000000000000000000000000000000000000000000000000000000000000000000000000000000000000000000000000000000000000015126352211434,-0.0069327381102238,17
"273",7,"Summer","18",-0.00000611683339390289,0.00000000000000000000000000000000000000000000000000000000000000000000000000000000000000000000000000000000000000000000000000000000000000000000000000000000000000000000000000000000000000000000000000000000000000706067230382666,-0.00611683339390289,18
"274",7,"Summer","19",-0.00000630538761485817,0.0000000000000000000000000000000000000000000000000000000000000000000000000000000000000000000000000000000000000000000000000000000000000000000000000000000000000000000000000000000000000000000000000000000000000000000000000000000000000000000000000000000000000000000000000000000000000000000177090011869915,-0.00630538761485817,19
"275",7,"Summer","20",-0.00000603824645346422,0.0000000000000000000000000000000000000000000000000000000000000000000000000000000000000000000000000000000000000000000000000000000000000000000000000000000000000000000000000000000000000000000000000000000000000000000000000000000000000000000000000000000000000000000000000000000000000000000000000000000000571408612468429,-0.00603824645346422,20
"276",7,"Summer","21",-0.00000619466042988128,0,-0.00619466042988128,21
"277",7,"Summer","22",-0.00000610507186447616,0,-0.00610507186447616,22
"278",7,"Summer","23",-0.00000549851086362695,0.000000000000000000000000000000000000000000000000000000000000000000000000000000000000000000000000000000000000000000000000000000000000000000000000000000000000000000000000000000000000000000000000000000000000000000000000000000000000000000000000000000000000000000000000154346880928861,-0.00549851086362695,23
"279",7,"Summer","24",-0.00000379389197739186,0.0000000000000000000000000000000000000000000000000000000000000000000000000000000000000000000000000000000000000000000000000000000000000000000000000280486441025912,-0.00379389197739186,24
"280",7,"Summer","25",-0.00000414508425374774,0.000000000000000000000000000000000000000000000000000000000000000000000000000000000000000000000000000000000000000000000000000000000000000000000000000000000000000000000000000000000000000000722649429732883,-0.00414508425374774,25
"281",7,"Summer","26",-0.00000254261831109394,0.000000000000000000000000000000000000000000000000000000000000000000000627557113120432,-0.00254261831109394,26
"282",7,"Summer","27",-0.00000271241810611609,0.0000000000000000000000000000000000000000000000000000000000000000000000000000000000000178011659806681,-0.00271241810611609,27
"283",7,"Summer","28",-0.00000142448498294661,0.0000000000000000000000279557895558024,-0.00142448498294661,28
"284",7,"Summer","29",-0.00000153806696971023,0.000000000000000000000000000649946424257151,-0.00153806696971023,29
"285",7,"Summer","30",0.00000139324859593695,0.0000000000000000000000829191255340418,0.00139324859593695,30
"286",7,"Summer","31",-0.00000073914716410137,0.0000000882796079895922,-0.00073914716410137,31
"287",7,"Summer","32",-0.00000267326458754425,0.000000000000000000000000000000000000000000000000000000000000000000000000000000000000000107598407352464,-0.00267326458754425,32
"288",7,"Summer","33",-0.00000150682886249288,0.000000000000000000000000000299074185792464,-0.00150682886249288,33
"289",7,"Summer","34",-0.00000189586168826524,0.000000000000000000000000000000000000000000101475852990741,-0.00189586168826524,34
"290",7,"Summer","35",-0.00000189418424888054,0.0000000000000000000000000000000000000000121270441964846,-0.00189418424888054,35
"291",7,"Summer","36",0.00000046069240680849,0.000976957615666401,0.00046069240680849,36
"292",7,"Summer","37",0.00000337141147119149,0.0000000000000000000000000000000000000000000000000000000000000000000000000000000000000000000000000000000000000000000000000000000000000000000000000000138239558820262,0.00337141147119149,37
"293",7,"Summer","38",0.00000381271093578668,0.00000000000000000000000000000000000000000000000000000000000000000000000000000000000000000000000000000000000000000000000000000000000000000000000000000000000000000000000000000000000000000316409644475834,0.00381271093578668,38
"294",7,"Summer","39",0.00000496311013162303,0,0.00496311013162303,39
"295",7,"Summer","40",0.00000557700611708404,0,0.00557700611708404,40
"296",7,"Summer","41",0.0000033045789753288,0.00000000000000000000000000000000000000000000000000000000000000000000000000000000000000000000000000000000000000000000000000000000000000000000000000000000000000000000000000000000000000000000000000000000000055840389166122,0.0033045789753288,41
"297",7,"Summer","42",0.000000290024035443604,0.00147523182876682,0.000290024035443604,42
"298",7,"Summer","43",0.00000113196310498929,0.000000000000000000000000000000000000000000643661676376063,0.00113196310498929,43
"299",7,"Summer","44",-0.0000000179718280339051,0.807549527248017,-0.0000179718280339051,44
"300",7,"Summer","45",-0.00000156605402245196,0.0000000000000000000000000000000000000000000000000000000000000000000000000000000000000000000000000000000000000000000011695350841113,-0.00156605402245196,45
"301",7,"Summer","46",0.000000641386078320901,0.0000000000000000123126098025991,0.000641386078320901,46
"302",7,"Summer","47",-0.00000130753723910749,0.0000000000000000000000000000000000000000000000000000000000000000000000000000000000000172230642858481,-0.00130753723910749,47
"303",7,"Summer","48",0.00000148690452752033,0.0000000000000000000000000000000000000000000000000000000000000019084332385836,0.00148690452752033,48
"304",7,"Summer","49",0.00000137918306218299,0.00000000000000000000000000000000000000000000000000000129377459364544,0.00137918306218299,49
"305",7,"Summer","50",0.00000253457936160553,0.0000000000000000000000000000000000000000000000000000000000000000000000000000000000000000000000000000000000000000000000000000000000000000000000000000000000000000000000000000000000000000000000000251905694514047,0.00253457936160553,50
"306",7,"Summer",">50",0.0000023751176898959,0.000000000000000000000000000000000000000000000000000000000000000000000000000000000000000000000000000000000000000000000000000000000000000000000000000000000000000000000000000000000000000000000000000247919609174833,0.0023751176898959,51
"307",8,"Early Winter","1",-0.0000133500670464164,0.0000000000000000000000000000000000000000000000000000000000000181121915736396,-0.0133500670464164,1
"308",8,"Early Winter","2",-0.0000106736146770166,0.0000000000000000000000000000000000000000000000000880146500634324,-0.0106736146770166,2
"309",8,"Early Winter","3",-0.00000928490813975913,0.00000000000000000000000000000000000316008458820672,-0.00928490813975913,3
"310",8,"Early Winter","4",-0.0000183407906983136,0.000000000000000000000000000000000000000000000000000000000000000000000000000000000000000000000000000000000000120989407554949,-0.0183407906983136,4
"311",8,"Early Winter","5",-0.0000179525158205526,0.0000000000000000000000000000000000000000000000000000000000000000000000000000000000000000000000000608765287574967,-0.0179525158205526,5
"312",8,"Early Winter","6",-0.000017538536974535,0.00000000000000000000000000000000000000000000000000000000000000000000000000000000872242563371861,-0.017538536974535,6
"313",8,"Early Winter","7",-0.0000242942077845412,0.000000000000000000000000000000000000000000000000000000000000000000000000000000000000000000000000000000000000000000000000000000000000232773872841228,-0.0242942077845412,7
"314",8,"Early Winter","8",-0.0000212370430619169,0.00000000000000000000000000000000000000000000000000000000000000000000000000000000000000000000000000000000722690357051416,-0.0212370430619169,8
"315",8,"Early Winter","9",-0.0000196419480981985,0.0000000000000000000000000000000000000000000000000000000000000000000000000000000000000000000000236036011242399,-0.0196419480981985,9
"316",8,"Early Winter","10",-0.0000117051789900884,0.0000000000000000000000000000231162597152967,-0.0117051789900884,10
"317",8,"Early Winter","11",-0.00000530472254346076,0.000000506582933270982,-0.00530472254346076,11
"318",8,"Early Winter","12",-0.0000113185855815366,0.00000000000000000000000000107473408058213,-0.0113185855815366,12
"319",8,"Early Winter","13",0.000000807744268442453,0.429042191009152,0.000807744268442453,13
"320",8,"Early Winter","14",-0.00000367098431309348,0.00136912651877754,-0.00367098431309348,14
"321",8,"Early Winter","15",0.00000390912766902429,0.000536176251088253,0.00390912766902429,15
"322",8,"Early Winter","16",-0.0000108504514337319,0.000000000000000000020000417729505,-0.0108504514337319,16
"323",8,"Early Winter","17",-0.0000266209666092163,0.000000000000000000000000000000000000000000000000000000000000000000000000000000000000000000000000000000000100078189749271,-0.0266209666092163,17
"324",8,"Early Winter","18",-0.0000143609886729774,0.00000000000000000000000000000000021631475259134,-0.0143609886729774,18
"325",8,"Early Winter","19",-0.0000113395115509226,0.00000000000000000000430596436076492,-0.0113395115509226,19
"326",8,"Early Winter","20",-0.0000177934728332035,0.0000000000000000000000000000000000000000000000000000000000000005951185010258,-0.0177934728332035,20
"327",8,"Early Winter","21",-0.00000752113856228274,0.000000000000260533665355795,-0.00752113856228274,21
"328",8,"Early Winter","22",-0.0000031126583203633,0.00231105672033677,-0.0031126583203633,22
"329",8,"Early Winter","23",0.0000109625052878025,0.000000000000000000000000000590494134866414,0.0109625052878025,23
"330",8,"Early Winter","24",-0.00000872934084101216,0.000000000000000219829995808372,-0.00872934084101216,24
"331",8,"Early Winter","25",-0.00000300985982768718,0.0019504887251627,-0.00300985982768718,25
"332",8,"Early Winter","26",0.00000934098906128607,0.00000000000000000000000000000000000000120826296865312,0.00934098906128607,26
"333",8,"Early Winter","27",0.0000076111462544681,0.0000000000000000000000000000000000118621940580843,0.0076111462544681,27
"334",8,"Early Winter","28",0.00000956303794443525,0.0000000000000000000000000000000000000000000000000000000720428641235775,0.00956303794443525,28
"335",8,"Early Winter","29",0.00000259273034579465,0.000013319438229526,0.00259273034579465,29
"336",8,"Early Winter","30",0.00000271395074447085,0.00000376332954083778,0.00271395074447085,30
"337",8,"Early Winter","31",0.00000444615272286533,0.000000000000297225662114487,0.00444615272286533,31
"338",8,"Early Winter","32",0.00000332456340562731,0.00000000660279433395378,0.00332456340562731,32
"339",8,"Early Winter","33",-0.00000281446974116255,0.000000135636159072181,-0.00281446974116255,33
"340",8,"Early Winter","34",-0.00000232246030570873,0.00000151554895676214,-0.00232246030570873,34
"341",8,"Early Winter","35",-0.0000108065827509591,0.00000000000000000000000000000000000000000000000000000000000000000000000000000000000000000000000000000000000045532130490599,-0.0108065827509591,35
"342",8,"Early Winter","36",-0.00000722309688992107,0.0000000000000000000000000000000000000000000000400648226953331,-0.00722309688992107,36
"343",8,"Early Winter","37",-0.00000534482593851996,0.00000000000000000000000338966611605079,-0.00534482593851996,37
"344",8,"Early Winter","38",-0.00000287405739860152,0.00000000499907846495577,-0.00287405739860152,38
"345",8,"Early Winter","39",0.00000105797142573957,0.0442661263812232,0.00105797142573957,39
"346",8,"Early Winter","40",0.00000546994912723589,0.0000000000000000000000000000129319245385722,0.00546994912723589,40
"347",8,"Early Winter","41",-0.00000436804767773776,0.000000000000000000120606730428236,-0.00436804767773776,41
"348",8,"Early Winter","42",0.000000522375984604147,0.186098947392193,0.000522375984604147,42
"349",8,"Early Winter","43",-0.00000344728131709051,0.000000000000000000534227063079405,-0.00344728131709051,43
"350",8,"Early Winter","44",0.00000191320544007103,0.00000000000366669727328601,0.00191320544007103,44
"351",8,"Early Winter","45",0.00000068077943675216,0.00732569299441414,0.00068077943675216,45
"352",8,"Early Winter","46",0.00000218534256155223,0.0000000000000000000000392826573559254,0.00218534256155223,46
"353",8,"Early Winter","47",0.000000920082483739923,0.00000322903332127661,0.000920082483739923,47
"354",8,"Early Winter","48",0.000000621888385343172,0.00259015663242399,0.000621888385343172,48
"355",8,"Early Winter","49",0.00000109746080327902,0.0000000215843395710495,0.00109746080327902,49
"356",8,"Early Winter","50",0.00000406590438812418,0.0000000000000000000000000000000000000000000000000000000000000000000000000000000000000000000000000000000000179605920751611,0.00406590438812418,50
"357",8,"Early Winter",">50",0.00000401854326638527,0.000000000000000000000000000000000000000000000000000000000000000000000000000000000000000000000000000000000000000000000000000000000106421818866887,0.00401854326638527,51
"358",8,"Late Winter","1",-0.00000526126450639134,0.0000000000000000203270767758244,-0.00526126450639134,1
"359",8,"Late Winter","2",-0.0000146622222531315,0.0000000000000000000000000000000000000000000000000000000000000000000000000000000000000000000000000000000000000000000000000533633672893579,-0.0146622222531315,2
"360",8,"Late Winter","3",-0.0000149215295301631,0.0000000000000000000000000000000000000000000000000000000000000000000000000000000000000000000000000000000000000000000000000183216390404154,-0.0149215295301631,3
"361",8,"Late Winter","4",-0.0000179904428223244,0.00000000000000000000000000000000000000000000000000000000000000000000000000000000000000000000000000000000000000000000000000000000000000000000000000000000000136337151958277,-0.0179904428223244,4
"362",8,"Late Winter","5",-0.0000226805570143166,0.000000000000000000000000000000000000000000000000000000000000000000000000000000000000000000000000000000000000000000000000000000000000000000000000000000000000000000000000000000000000000000000000000000000000000000000000000000307119374445267,-0.0226805570143166,5
"363",8,"Late Winter","6",-0.0000226145479110207,0.00000000000000000000000000000000000000000000000000000000000000000000000000000000000000000000000000000000000000000000000000000000000000000000000000000000000000000000000000000000000000000000000000000000000000000000000000000366310901142813,-0.0226145479110207,6
"364",8,"Late Winter","7",-0.0000236251257698926,0.000000000000000000000000000000000000000000000000000000000000000000000000000000000000000000000000000000000000000000000000000000000000000000000000000000000000000000000000000000000000000000000000000000000000000000000000000000026451559625356,-0.0236251257698926,7
"365",8,"Late Winter","8",-0.0000140700314368671,0.0000000000000000000000000000000000000000000000000000000000000000000000000000000462126059908388,-0.0140700314368671,8
"366",8,"Late Winter","9",-0.0000128761110942356,0.00000000000000000000000000000000000000000000000000000000000000336953749150357,-0.0128761110942356,9
"367",8,"Late Winter","10",0.0000032298004051148,0.000094833184812243,0.0032298004051148,10
"368",8,"Late Winter","11",0.00000502784788347205,0.000000000651462121435544,0.00502784788347205,11
"369",8,"Late Winter","12",-0.00000249528250572222,0.0016037611806694,-0.00249528250572222,12
"370",8,"Late Winter","13",0.00000671448266616584,0.00000000000000000186617695644606,0.00671448266616584,13
"371",8,"Late Winter","14",0.0000155567409893137,0.000000000000000000000000000000000000000000000000000000000000000000000000000000000121924457232745,0.0155567409893137,14
"372",8,"Late Winter","15",0.0000215313220046267,0.00000000000000000000000000000000000000000000000000000000000000000000000000000000000000000000000000000000000000000000000000000000000000000000000677098763761303,0.0215313220046267,15
"373",8,"Late Winter","16",0.00000527018895655293,0.00000000125323920198081,0.00527018895655293,16
"374",8,"Late Winter","17",-0.00000554104661312262,0.000000000725401361620646,-0.00554104661312262,17
"375",8,"Late Winter","18",-0.0000080308476068291,0.0000000000000000000234435891798556,-0.0080308476068291,18
"376",8,"Late Winter","19",-0.00000985842726436654,0.000000000000000000000000000000658611929027267,-0.00985842726436654,19
"377",8,"Late Winter","20",-0.0000154667883126362,0.000000000000000000000000000000000000000000000000000000000000000000000000000000000000000000602267784727395,-0.0154667883126362,20
"378",8,"Late Winter","21",0.000000522326789458623,0.465484601454104,0.000522326789458623,21
"379",8,"Late Winter","22",0.0000052461726292796,0.000000000000940349526568735,0.0052461726292796,22
"380",8,"Late Winter","23",0.00000171894077501046,0.0275552997378645,0.00171894077501046,23
"381",8,"Late Winter","24",0.000000871024443580527,0.256900143271007,0.000871024443580527,24
"382",8,"Late Winter","25",0.00000963801412688322,0.0000000000000000000000000000000000000001745493278388,0.00963801412688322,25
"383",8,"Late Winter","26",0.0000101934869670175,0.00000000000000000000000000000000000000000000000000000000000000000000000000000000000000725255057467294,0.0101934869670175,26
"384",8,"Late Winter","27",0.0000135983424328587,0.0000000000000000000000000000000000000000000000000000000000000000000000000000000000000000000000000000000000000000000000000000000000000000000000000000000000000000000000000000000000000000000000000000143115481969019,0.0135983424328587,27
"385",8,"Late Winter","28",0.000017783260580215,0.00000000000000000000000000000000000000000000000000000000000000000000000000000000000000000000000000000000000000000000000000000000000000000000000000000000000000000000000000000000000000000000000000000000000000000000000000000000000000000000000000000000000000000000000000000000000000000000000000000000353571302547181,0.017783260580215,28
"386",8,"Late Winter","29",0.00000905824927327839,0.00000000000000000000000000000000000000000000000000000000000000000000000000000000000000563711071675492,0.00905824927327839,29
"387",8,"Late Winter","30",0.00000646384967009926,0.000000000000000000000000000000000000000000000000173773932946248,0.00646384967009926,30
"388",8,"Late Winter","31",0.00000527654992495559,0.00000000000000000000000000000000013157398354157,0.00527654992495559,31
"389",8,"Late Winter","32",0.0000122098976252145,0.000000000000000000000000000000000000000000000000000000000000000000000000000000000000000000000000000000000000000000000000000000000000000000000000000000865588989125694,0.0122098976252145,32
"390",8,"Late Winter","33",0.00000800381268447764,0.000000000000000000000000000000000000000000000000000000000000000000000000548868284105346,0.00800381268447764,33
"391",8,"Late Winter","34",0.00000354232557757481,0.0000000000000000240429886190787,0.00354232557757481,34
"392",8,"Late Winter","35",-0.00000535023624005892,0.00000000000000000000000000000000000192067529991457,-0.00535023624005892,35
"393",8,"Late Winter","36",-0.00000656076908759182,0.00000000000000000000000000000000000000000000000000000000161470832247173,-0.00656076908759182,36
"394",8,"Late Winter","37",-0.00000305714277573839,0.0000000000000389153645491479,-0.00305714277573839,37
"395",8,"Late Winter","38",0.00000251800164823406,0.000000000147321433322735,0.00251800164823406,38
"396",8,"Late Winter","39",0.00000656818533146183,0.000000000000000000000000000000000000000000000000000000000000000000513155026444165,0.00656818533146183,39
"397",8,"Late Winter","40",0.00000577498627504199,0.0000000000000000000000000000000000000000000000000000107298957550905,0.00577498627504199,40
"398",8,"Late Winter","41",-0.00000204000471771668,0.0000000121508018804504,-0.00204000471771668,41
"399",8,"Late Winter","42",-0.00000518417431383462,0.00000000000000000000000000000000000000000000000000000000000132058132193229,-0.00518417431383462,42
"400",8,"Late Winter","43",-0.000000235626503581182,0.417236386965733,-0.000235626503581182,43
"401",8,"Late Winter","44",0.00000515670972579036,0.0000000000000000000000000000000000000000000000000000000000000000000000000000000000000000000000000000000000000000000000000000000000397730722341394,0.00515670972579036,44
"402",8,"Late Winter","45",0.00000622954957502969,0.0000000000000000000000000000000000000000000000000000000000000000000000000000000000000000000000000000000000000000000000000000000000000000000000000000000000000000000000000000000000000000000000000000000000000000000000715361126939979,0.00622954957502969,45
"403",8,"Late Winter","46",0.00000842427992841887,0,0.00842427992841887,46
"404",8,"Late Winter","47",0.0000058805999183159,0.00000000000000000000000000000000000000000000000000000000000000000000000000000000000000000000000000000000000000000000000000000000000000000000000000000000000000000000000000000000000000000000000000000000000000000000000000000000000000000000000000000000000000000000000000000000000000000000000000000142625446145198,0.0058805999183159,47
"405",8,"Late Winter","48",0.00000523149964881065,0.000000000000000000000000000000000000000000000000000000000000000000000000000000000000000000000000000000000000000000000000000000000000000000000000000000000000000000000000000000000000000000000453522730786535,0.00523149964881065,48
"406",8,"Late Winter","49",-0.000000294023914442149,0.0821866509149281,-0.000294023914442149,49
"407",8,"Late Winter","50",0.0000024245842114421,0.000000000000000000000000000000000000000000000000000000019141417555623,0.0024245842114421,50
"408",8,"Late Winter",">50",0.0000033000366254002,0.00000000000000000000000000000000000000000000000000000000000000000000000000000000000000000000000000000000000000000000000000000000000234641072521374,0.0033000366254002,51
"409",8,"Summer","1",0.00000000790164540726557,0.989826127450897,0.00000790164540726557,1
"410",8,"Summer","2",-0.00000276389321983608,0.0000023327864694379,-0.00276389321983608,2
"411",8,"Summer","3",-0.0000122388504715482,0.000000000000000000000000000000000000000000000000000000000000000000000000000000000000000000000000193265209564735,-0.0122388504715482,3
"412",8,"Summer","4",-0.0000145361353671792,0.00000000000000000000000000000000000000000000000000000000000000000000000000000000000000000000000000000000000000000000000000000538425883029065,-0.0145361353671792,4
"413",8,"Summer","5",-0.0000180176653744571,0.000000000000000000000000000000000000000000000000000000000000000000000000000000000000000000000000000000000000000000000000000000000000000000617541744705823,-0.0180176653744571,5
"414",8,"Summer","6",-0.0000214105194015824,0.0000000000000000000000000000000000000000000000000000000000000000000000000000000000000000000000000000000000000000000000000000000000000000000000000000000000000000000000000000000000000000000000000000000000129654388619406,-0.0214105194015824,6
"415",8,"Summer","7",-0.0000243690052097134,0.0000000000000000000000000000000000000000000000000000000000000000000000000000000000000000000000000000000000000000000000000000000000000000000000000000000000000000000000000000000000000000000000000000000000000000000000000000000000000000000820326863903717,-0.0243690052097134,7
"416",8,"Summer","8",-0.0000137516212488183,0.00000000000000000000000000000000000000000000000000000000000000000000000000000000621562942430835,-0.0137516212488183,8
"417",8,"Summer","9",-0.0000136406823009334,0.00000000000000000000000000000000000000000000000000000000000000000000175485188984209,-0.0136406823009334,9
"418",8,"Summer","10",-0.00000184763748162297,0.0176901819542523,-0.00184763748162297,10
"419",8,"Summer","11",-0.0000110826007018664,0.000000000000000000000000000000000000000000205989906864362,-0.0110826007018664,11
"420",8,"Summer","12",-0.00000414749670041908,0.00000000841516661092494,-0.00414749670041908,12
"421",8,"Summer","13",-0.0000114165204485736,0.000000000000000000000000000000000000000000000000826936014237585,-0.0114165204485736,13
"422",8,"Summer","14",-0.0000191766271557369,0.00000000000000000000000000000000000000000000000000000000000000000000000000000000000000000000000000000000000000000000000215437220038097,-0.0191766271557369,14
"423",8,"Summer","15",0.00000429748818399054,0.00000040590670875205,0.00429748818399054,15
"424",8,"Summer","16",-0.00000961459572235949,0.0000000000000000000000000000000217782304504178,-0.00961459572235949,16
"425",8,"Summer","17",-0.00000313951949076649,0.0000765754601114958,-0.00313951949076649,17
"426",8,"Summer","18",-0.00000585162146597406,0.000000000000783845467300732,-0.00585162146597406,18
"427",8,"Summer","19",0.00000531587917475646,0.0000000000384254920634492,0.00531587917475646,19
"428",8,"Summer","20",0.0000117992893469755,0.00000000000000000000000000000000000000000000000000000000000221285114504433,0.0117992893469755,20
"429",8,"Summer","21",0.00000640595986508581,0.00000000000000000000171595968607879,0.00640595986508581,21
"430",8,"Summer","22",0.00000160006982537692,0.0250351778978341,0.00160006982537692,22
"431",8,"Summer","23",0.000013434783404636,0.0000000000000000000000000000000000000000000000000000000000000000000000000000119644700789212,0.013434783404636,23
"432",8,"Summer","24",0.00000536505194729661,0.000000000000196426069716014,0.00536505194729661,24
"433",8,"Summer","25",0.0000122256885460473,0.000000000000000000000000000000000000000000000000000000000000000000000000000000000000000197502052485757,0.0122256885460473,25
"434",8,"Summer","26",0.0000123693606673702,0.0000000000000000000000000000000000000000000000000000000000000000000000000000000000000000000000000000000000000000000000000000000000000000000000000000000000000000000000309718657487179,0.0123693606673702,26
"435",8,"Summer","27",0.00000996229271145161,0.0000000000000000000000000000000000000000000000000000000000000000000000000000000000000000000000000000000000000000477093464640832,0.00996229271145161,27
"436",8,"Summer","28",0.00000980057429295502,0.0000000000000000000000000000000000000000000000000000000000000000000000000000000000000000000000000000000968764041103664,0.00980057429295502,28
"437",8,"Summer","29",0.00000984067403202691,0.0000000000000000000000000000000000000000000000000000000000000000000000000000000000000000000000000000000000000000000000000483641229483627,0.00984067403202691,29
"438",8,"Summer","30",0.0000112643445901631,0.00000000000000000000000000000000000000000000000000000000000000000000000000000000000000000000000000000000000000000000000000000000000000000000000000000000000000000000000000521524522865356,0.0112643445901631,30
"439",8,"Summer","31",0.0000185966430707646,0,0.0185966430707646,31
"440",8,"Summer","32",0.0000139065890003002,0.00000000000000000000000000000000000000000000000000000000000000000000000000000000000000000000000000000000000000000000000000000000000000000000000000000000000000000000000000000000000000000000000000000000000000000000000000000000000000000000459208132535145,0.0139065890003002,32
"441",8,"Summer","33",0.00000513219103893255,0.0000000000000000000000000000000013154431489871,0.00513219103893255,33
"442",8,"Summer","34",-0.00000190217278672083,0.00000297625700187197,-0.00190217278672083,34
"443",8,"Summer","35",-0.00000826579806859663,0.0000000000000000000000000000000000000000000000000000000000000000000000000000000000000000000000128330938213789,-0.00826579806859663,35
"444",8,"Summer","36",-0.00000484635351435963,0.000000000000000000000000000000864949859560315,-0.00484635351435963,36
"445",8,"Summer","37",0.000000365055193634058,0.366214034246914,0.000365055193634058,37
"446",8,"Summer","38",0.00000452041758866088,0.000000000000000000000000000000684148966117581,0.00452041758866088,38
"447",8,"Summer","39",0.00000443339227028044,0.0000000000000000000000000000396520742136987,0.00443339227028044,39
"448",8,"Summer","40",0.00000541814012967525,0.00000000000000000000000000000000000000000161339228427146,0.00541814012967525,40
"449",8,"Summer","41",-0.000000779270090568909,0.0435467304417182,-0.000779270090568909,41
"450",8,"Summer","42",-0.00000030753924778538,0.324850609264671,-0.00030753924778538,42
"451",8,"Summer","43",0.0000000093259105067754,0.973706706159894,0.0000093259105067754,43
"452",8,"Summer","44",0.00000297003251212988,0.000000000000000000000000000000000000000111171343278285,0.00297003251212988,44
"453",8,"Summer","45",0.00000505968443341077,0.0000000000000000000000000000000000000000000000000000000000000000000000000000000000000000000000000000000000000000000113196161315495,0.00505968443341077,45
"454",8,"Summer","46",0.00000520002661665101,0.00000000000000000000000000000000000000000000000000000000000000000000000000000000000000000000000000000000000000000000000000000000000000000000000000000000000478908535983003,0.00520002661665101,46
"455",8,"Summer","47",0.00000512732561133666,0.000000000000000000000000000000000000000000000000000000000000000000000000000000000000000000000000000000000000000000000000000000000000000000000000000000000266501653454767,0.00512732561133666,47
"456",8,"Summer","48",0.00000543887308982721,0.000000000000000000000000000000000000000000000000000000000000000000000000000000000000000000000000000000000000000000000000000000000000000000000000000000000000000157999012351355,0.00543887308982721,48
"457",8,"Summer","49",0.0000052459784285854,0.0000000000000000000000000000000000000000000000000000000000000000000000000000000000000000000000000000000000000000000000000000000000000000000000000000000000000000000000000000000000000000000000000000229431214712428,0.0052459784285854,49
"458",8,"Summer","50",0.00000559463771310506,0.000000000000000000000000000000000000000000000000000000000000000000000000000000000000000000000000000000000000000000000000000000000000000000000000000000000000000000000000000000000000000000000000000000000000000000000000000000000000000000000000000000000000000000000000000000000000158222210802587,0.00559463771310506,50
"459",8,"Summer",">50",0.00000101633441019962,0.000000000000247862501629713,0.00101633441019962,51
"460",9,"Early Winter","1",0.0000200803072314143,0.0000000000000000000000000000000000433891966140507,0.0200803072314143,1
"461",9,"Early Winter","2",0.0000103773293503598,0.00000000120221632315017,0.0103773293503598,2
"462",9,"Early Winter","3",0.0000123210051870589,0.000000000113342972365458,0.0123210051870589,3
"463",9,"Early Winter","4",0.0000139043589325768,0.000000000000178079544194045,0.0139043589325768,4
"464",9,"Early Winter","5",0.0000161604288458644,0.0000000000011496956158381,0.0161604288458644,5
"465",9,"Early Winter","6",0.00000880542275345348,0.0000492121138601646,0.00880542275345348,6
"466",9,"Early Winter","7",0.0000150518459711024,0.000000000619597645013651,0.0150518459711024,7
"467",9,"Early Winter","8",0.0000197079197483782,0.000000000000356773216503559,0.0197079197483782,8
"468",9,"Early Winter","9",-0.00000577410541765166,0.128061427729633,-0.00577410541765166,9
"469",9,"Early Winter","10",0.00000701594454417442,0.191794428105429,0.00701594454417442,10
"470",9,"Early Winter","11",0.0000234305775015873,0.00000000000000407824314082502,0.0234305775015873,11
"471",9,"Early Winter","12",0.0000102979235866872,0.0182015507189263,0.0102979235866872,12
"472",9,"Early Winter","13",0.0000507265697444658,0.0000000000000648809681756501,0.0507265697444658,13
"473",9,"Early Winter","14",0.0000300948041720444,0.00000000474060180998497,0.0300948041720444,14
"474",9,"Early Winter","15",0.0000432262464404089,0.000000000000198951900696802,0.0432262464404089,15
"475",9,"Early Winter","16",0.0000420807577800094,0.00000000000000864971659429009,0.0420807577800094,16
"476",9,"Early Winter","17",0.0000356810184760532,0.0000000000000019527465570287,0.0356810184760532,17
"477",9,"Early Winter","18",0.0000361405756281569,0.0000000000000143633367757108,0.0361405756281569,18
"478",9,"Early Winter","19",0.0000379585093145774,0.000000000000449699251285043,0.0379585093145774,19
"479",9,"Early Winter","20",0.0000345803140395642,0.00000000000000000000355921227993109,0.0345803140395642,20
"480",9,"Early Winter","21",0.0000302052281631515,0.000000000000467483471002941,0.0302052281631515,21
"481",9,"Early Winter","22",0.0000248668619109061,0.0000000000000000104881665495211,0.0248668619109061,22
"482",9,"Early Winter","23",0.0000127598135944049,0.000152204884246162,0.0127598135944049,23
"483",9,"Early Winter","24",0.0000286854830243937,0.0000000000810547022203607,0.0286854830243937,24
"484",9,"Early Winter","25",0.0000234499462690809,0.0000000000000147570801349208,0.0234499462690809,25
"485",9,"Early Winter","26",0.000025194400976955,0.000000000000020881166070089,0.025194400976955,26
"486",9,"Early Winter","27",0.00000855849025344701,0.0159813850603866,0.00855849025344701,27
"487",9,"Early Winter","28",0.0000266263999040297,0.0000000000039084681502523,0.0266263999040297,28
"488",9,"Early Winter","29",0.0000166326103117642,0.00000000779670031556361,0.0166326103117642,29
"489",9,"Early Winter","30",0.0000257567722064763,0.00000000000339919684517917,0.0257567722064763,30
"490",9,"Early Winter","31",0.000025731404157801,0.0000000000000000000000127873739651063,0.025731404157801,31
"491",9,"Early Winter","32",0.00000741045206924328,0.00623102947515463,0.00741045206924328,32
"492",9,"Early Winter","33",0.000016414878125422,0.00000002843608793641,0.016414878125422,33
"493",9,"Early Winter","34",0.000014771897591171,0.000000000429777496772087,0.014771897591171,34
"494",9,"Early Winter","35",0.0000186312576866159,0.00000000000430669902676025,0.0186312576866159,35
"495",9,"Early Winter","36",0.0000196329293704662,0.00000000000106564140644036,0.0196329293704662,36
"496",9,"Early Winter","37",0.0000253630994397214,0.00000000000000000000251497153723751,0.0253630994397214,37
"497",9,"Early Winter","38",0.0000200606341420709,0.00000000000146761043893009,0.0200606341420709,38
"498",9,"Early Winter","39",0.0000300645475570102,0.00000000000000000000341147385850819,0.0300645475570102,39
"499",9,"Early Winter","40",0.000028034483421792,0.0000000000000000273464769974126,0.028034483421792,40
"500",9,"Early Winter","41",0.0000197685286484264,0.00000000000264408325649675,0.0197685286484264,41
"501",9,"Early Winter","42",0.0000306578021705055,0.0000000000000000000000000291811663515978,0.0306578021705055,42
"502",9,"Early Winter","43",0.0000270356173736661,0.0000000000000000000019072969838376,0.0270356173736661,43
"503",9,"Early Winter","44",0.000020705959465881,0.00000000000000000474487391805004,0.020705959465881,44
"504",9,"Early Winter","45",0.000022362748258994,0.000000000000000000000316556483689401,0.022362748258994,45
"505",9,"Early Winter","46",0.0000113180975336967,0.000000203493112491127,0.0113180975336967,46
"506",9,"Early Winter","47",0.0000196502226992046,0.0000000000000000410549208861643,0.0196502226992046,47
"507",9,"Early Winter","48",0.0000195540818892199,0.000000000000000000000990662988086356,0.0195540818892199,48
"508",9,"Early Winter","49",0.0000189549170619726,0.00000000000000000000113108570335407,0.0189549170619726,49
"509",9,"Early Winter","50",0.0000199120135417139,0.000000000000000000000000000000000000238109630619547,0.0199120135417139,50
"510",9,"Early Winter",">50",0.0000177062696933682,0.000000000000000000234495834555793,0.0177062696933682,51
"511",9,"Late Winter","1",-0.00000811841475955509,0.00000000636695540556938,-0.00811841475955509,1
"512",9,"Late Winter","2",0.0000213166270115034,0.00000000000000000000000000000000000000000000000000000000186096200505312,0.0213166270115034,2
"513",9,"Late Winter","3",0.0000263607554924551,0.000000000000000000000000000000000000000000000000000000000082639146052842,0.0263607554924551,3
"514",9,"Late Winter","4",0.000017714270626287,0.0000000000000000000000000000037770484839167,0.017714270626287,4
"515",9,"Late Winter","5",0.00000510656340432735,0.00764580515217418,0.00510656340432735,5
"516",9,"Late Winter","6",0.000000347712508640473,0.861006562584948,0.000347712508640473,6
"517",9,"Late Winter","7",-0.0000198541704388274,0.00000000000000239340491348226,-0.0198541704388274,7
"518",9,"Late Winter","8",-0.0000208677950990301,0.0000000000000000000490549879522851,-0.0208677950990301,8
"519",9,"Late Winter","9",0.00000677346904748268,0.000190393170107424,0.00677346904748268,9
"520",9,"Late Winter","10",-0.000000388813250871101,0.916439910757976,-0.000388813250871101,10
"521",9,"Late Winter","11",-0.00000295649847282529,0.400168991743471,-0.00295649847282529,11
"522",9,"Late Winter","12",0.0000301123507700693,0.000000000000000000000000000000115998984552071,0.0301123507700693,12
"523",9,"Late Winter","13",0.0000125916838522674,0.00135914834110221,0.0125916838522674,13
"524",9,"Late Winter","14",0.0000272035105086733,0.00000000000000732068478001306,0.0272035105086733,14
"525",9,"Late Winter","15",0.00000206590886165222,0.611458880162964,0.00206590886165222,15
"526",9,"Late Winter","16",0.0000185908927481171,0.00000000876299601422625,0.0185908927481171,16
"527",9,"Late Winter","17",0.0000373148007591222,0.0000000000000000000000271456048175014,0.0373148007591222,17
"528",9,"Late Winter","18",0.0000322531778445045,0.00000000000000000000000016144524387283,0.0322531778445045,18
"529",9,"Late Winter","19",0.0000330293876635921,0.00000000000000000000000000137498528938838,0.0330293876635921,19
"530",9,"Late Winter","20",0.0000323674571761193,0.0000000000000000000000000000570528629495512,0.0323674571761193,20
"531",9,"Late Winter","21",0.0000247894583212505,0.00000000000000000000244150450765682,0.0247894583212505,21
"532",9,"Late Winter","22",0.0000366618468918343,0.000000000000000000000000000000000000000000735269491517281,0.0366618468918343,22
"533",9,"Late Winter","23",0.0000288786189779964,0.000000000000000000000000000000000000358361616437473,0.0288786189779964,23
"534",9,"Late Winter","24",0.0000209304900242446,0.000000000000000000224731483843179,0.0209304900242446,24
"535",9,"Late Winter","25",0.0000204783081136348,0.0000000000000000000000846567497250509,0.0204783081136348,25
"536",9,"Late Winter","26",0.0000280828204854355,0.000000000000000000000000000019808727704049,0.0280828204854355,26
"537",9,"Late Winter","27",0.000036934820093698,0.00000000000000000000000000000000000000000000000000000000000000193088314662933,0.036934820093698,27
"538",9,"Late Winter","28",0.0000224287319953751,0.0000000000000000287415074996462,0.0224287319953751,28
"539",9,"Late Winter","29",0.0000108745084772908,0.0000000118799989398189,0.0108745084772908,29
"540",9,"Late Winter","30",0.0000153822905943197,0.000000000000000768919683481956,0.0153822905943197,30
"541",9,"Late Winter","31",0.0000253208576435555,0.00000000000000000000000000000000000000132266330994471,0.0253208576435555,31
"542",9,"Late Winter","32",0.0000309080892283882,0.0000000000000000000000000000000000000000000000000000000000000000000000000000000000394499395332502,0.0309080892283882,32
"543",9,"Late Winter","33",0.0000327712598828844,0.000000000000000000000000000000000000000000000000000000000000000480410878433686,0.0327712598828844,33
"544",9,"Late Winter","34",0.0000228961777359648,0.0000000000000000000000000000000000000000490334709806325,0.0228961777359648,34
"545",9,"Late Winter","35",0.0000210254661270473,0.0000000000000000000000000000000000190005463518901,0.0210254661270473,35
"546",9,"Late Winter","36",0.0000291822773177799,0.00000000000000000000000000000000000000000000000000000209682996321516,0.0291822773177799,36
"547",9,"Late Winter","37",0.0000235233097234601,0.0000000000000000000000000000000000000000000571476596780817,0.0235233097234601,37
"548",9,"Late Winter","38",0.0000255132878250003,0.0000000000000000000000000000000000000000000157471911580689,0.0255132878250003,38
"549",9,"Late Winter","39",0.0000337969469072251,0.00000000000000000000000000000000000000000000000000000000000349254712367728,0.0337969469072251,39
"550",9,"Late Winter","40",0.0000259001133771321,0.000000000000000000000000000000000000960750916422377,0.0259001133771321,40
"551",9,"Late Winter","41",0.0000132335456020243,0.000000000020729175856014,0.0132335456020243,41
"552",9,"Late Winter","42",0.0000129746135274786,0.00000000420380366247789,0.0129746135274786,42
"553",9,"Late Winter","43",0.0000171529147169748,0.000000000000020026091897246,0.0171529147169748,43
"554",9,"Late Winter","44",0.0000287010967590332,0.0000000000000000000000000000000000000000000000000000000000000000189549732722897,0.0287010967590332,44
"555",9,"Late Winter","45",0.0000246344681852715,0.0000000000000000000000000000000000000000000000000499101413715153,0.0246344681852715,45
"556",9,"Late Winter","46",0.0000139196729981285,0.000000000000000000000000000016569835318448,0.0139196729981285,46
"557",9,"Late Winter","47",0.0000220046823344936,0.0000000000000000000000000000000000000565425525822437,0.0220046823344936,47
"558",9,"Late Winter","48",0.0000130208644256829,0.00000000000000000000000000577917396088994,0.0130208644256829,48
"559",9,"Late Winter","49",0.0000199599815332118,0.000000000000000000000000000000000000000000000000000000697988117693151,0.0199599815332118,49
"560",9,"Late Winter","50",0.000013383741702881,0.0000000000000000000000122866790365581,0.013383741702881,50
"561",9,"Late Winter",">50",0.0000188611992265994,0.00000000000000000000000000000000000000000000000000000000677757284685627,0.0188611992265994,51
"562",9,"Summer","1",0.0000262951965003818,0.00000000000000000000000000000000000000000000000000000000000000000000000000000000000000000000000000000000000000000000000000000000000000000000000000000000000000000000000000000000951332577775535,0.0262951965003818,1
"563",9,"Summer","2",0.0000202154378052386,0.0000000000000000000000000000000000000000000000000000000000000000000000000000000000000000000000000000000000178567904195027,0.0202154378052386,2
"564",9,"Summer","3",0.00000932251403056439,0.00000000000000695192564328889,0.00932251403056439,3
"565",9,"Summer","4",0.0000182274561253961,0.00000000000000000000000000000000000000252093985604747,0.0182274561253961,4
"566",9,"Summer","5",0.0000130602347956698,0.0000000000000000000211059126406075,0.0130602347956698,5
"567",9,"Summer","6",0.0000152809080405172,0.0000000000000000000000025465498560473,0.0152809080405172,6
"568",9,"Summer","7",0.00000635431328066462,0.0000737798157881843,0.00635431328066462,7
"569",9,"Summer","8",-0.00000204886531428218,0.160766961629574,-0.00204886531428218,8
"570",9,"Summer","9",-0.00000410428409135211,0.0568854172131559,-0.00410428409135211,9
"571",9,"Summer","10",-0.0000140789091718748,0.0000000000322129073135756,-0.0140789091718748,10
"572",9,"Summer","11",0.00000362912126677698,0.129579377202473,0.00362912126677698,11
"573",9,"Summer","12",0.00000331240160515006,0.101402827187639,0.00331240160515006,12
"574",9,"Summer","13",0.000014642799463415,0.000000127688038402012,0.014642799463415,13
"575",9,"Summer","14",0.0000522376101364395,0.0000000000000000000000000000000000000000000000000000000000000000000000000000000000000000000000000000000000000000000000000000000000000000000000000187514802375275,0.0522376101364395,14
"576",9,"Summer","15",0.0000301538102477845,0.0000000000000000000000000000306792280638423,0.0301538102477845,15
"577",9,"Summer","16",0.0000345141578987879,0.00000000000000000000000000000000000000000000000184616232878889,0.0345141578987879,16
"578",9,"Summer","17",0.0000305086216453102,0.00000000000000000000000000000000000000000044993707722276,0.0305086216453102,17
"579",9,"Summer","18",0.0000280573660778643,0.00000000000000000000000000000000000000000000000000000000000000000000000355457015577768,0.0280573660778643,18
"580",9,"Summer","19",0.0000190407994477473,0.000000000000000000000000300809896457128,0.0190407994477473,19
"581",9,"Summer","20",0.0000215287287921303,0.000000000000000000000000000000034838961725565,0.0215287287921303,20
"582",9,"Summer","21",0.00000408623881788614,0.0107973803715036,0.00408623881788614,21
"583",9,"Summer","22",0.0000342821789729113,0.00000000000000000000000000000000000000000000000000000000000000000000000000000000000000000470113315339891,0.0342821789729113,22
"584",9,"Summer","23",0.0000284269026839673,0.0000000000000000000000000000000000000000000000000000000000000000000000000000374578399877371,0.0284269026839673,23
"585",9,"Summer","24",0.0000268863313096441,0.000000000000000000000000000000000000000000000000000000000000000070919113843752,0.0268863313096441,24
"586",9,"Summer","25",0.0000218864995018059,0.0000000000000000000000000000000000000000000000000000000000000000000430565719284461,0.0218864995018059,25
"587",9,"Summer","26",0.0000246915604098821,0.00000000000000000000000000000000000000000000000000000000000000000000000000000000000404736482583047,0.0246915604098821,26
"588",9,"Summer","27",0.0000310840594138432,0.0000000000000000000000000000000000000000000000000000000000000000000000000000000000000000000000000000000000000000000000000000000000000000000000463990823136752,0.0310840594138432,27
"589",9,"Summer","28",0.0000282500575047532,0.0000000000000000000000000000000000000000000000000000000000000000000000000000000000000000000000000000000000000403666884038625,0.0282500575047532,28
"590",9,"Summer","29",0.000020061801599502,0.0000000000000000000000000000000000000000000000000296715801763324,0.020061801599502,29
"591",9,"Summer","30",0.0000156775584979388,0.00000000000000000000000000000000000000000231954109807543,0.0156775584979388,30
"592",9,"Summer","31",0.0000196104887690516,0.00000000000000000000000000000000000000000000000000000000000000000000000000000378362823440255,0.0196104887690516,31
"593",9,"Summer","32",0.000019850323949204,0.0000000000000000000000000000000000000000000000000000000000000000699884176786547,0.019850323949204,32
"594",9,"Summer","33",0.0000256293513002677,0.0000000000000000000000000000000000000000000000000000000000000000000000000000000000000000000000000166523428529437,0.0256293513002677,33
"595",9,"Summer","34",0.00002089204874344,0.00000000000000000000000000000000000000000000000000000000000000000315454465213007,0.02089204874344,34
"596",9,"Summer","35",0.0000131661715314392,0.00000000000000000000000000011226827320491,0.0131661715314392,35
"597",9,"Summer","36",0.000026760227437879,0.0000000000000000000000000000000000000000000000000000000000000000000000000000000000000000000000000000550889948217113,0.026760227437879,36
"598",9,"Summer","37",0.0000201623184928782,0.0000000000000000000000000000000000000000000000000000000000000335972299790634,0.0201623184928782,37
"599",9,"Summer","38",0.0000245141895466756,0.000000000000000000000000000000000000000000000000000000000000000000000000000000000000000000000172834193451869,0.0245141895466756,38
"600",9,"Summer","39",0.000027431485294213,0.00000000000000000000000000000000000000000000000000000000000000000000000000000000000000000000000000000000000000000000000000546257774657094,0.027431485294213,39
"601",9,"Summer","40",0.0000259383725601653,0.00000000000000000000000000000000000000000000000000000000000000000000000000000000000000000000000000000000000000000000204858211034459,0.0259383725601653,40
"602",9,"Summer","41",0.0000321836489943833,0.00000000000000000000000000000000000000000000000000000000000000000000000000000000000000000000000000000000000000000000000000000000000000000000000000000000000791269673509872,0.0321836489943833,41
"603",9,"Summer","42",0.0000230687558889058,0.0000000000000000000000000000000000000000000000000000000000000000000000000000000000000000000000000000618360240202829,0.0230687558889058,42
"604",9,"Summer","43",0.0000239216150757305,0.00000000000000000000000000000000000000000000000000000000000000000000000000000000000000000000000000000000000000245503847387768,0.0239216150757305,43
"605",9,"Summer","44",0.0000253163401823765,0.0000000000000000000000000000000000000000000000000000000000000000000000000000000000000000000000000000000000000000000000000000000000000000000000000000000000000000000429976412812906,0.0253163401823765,44
"606",9,"Summer","45",0.0000235755725626937,0.00000000000000000000000000000000000000000000000000000000000000000000000000000000000000000000000000000000000000000000000000000703283376081173,0.0235755725626937,45
"607",9,"Summer","46",0.0000188287363114869,0.000000000000000000000000000000000000000000000000000000000000000000000000000000000000000000000000000000000000000000000000000152710092448709,0.0188287363114869,46
"608",9,"Summer","47",0.000022673945214228,0.00000000000000000000000000000000000000000000000000000000000000000000000000000000000000000000000000000000000000000000000000000000000000000000000160919194532254,0.022673945214228,47
"609",9,"Summer","48",0.0000214517982287332,0.00000000000000000000000000000000000000000000000000000000000000000000000000000000000000000000000000000000000000000000000000000000000000000000000000000000000000000000013268813983142,0.0214517982287332,48
"610",9,"Summer","49",0.0000190093873214289,0.00000000000000000000000000000000000000000000000000000000000000000000000000000000000000000000000000000000000000000000000000000000000000000000000191691145091003,0.0190093873214289,49
"611",9,"Summer","50",0.0000152213420481517,0.000000000000000000000000000000000000000000000000000000000000000000000000000000000000000000000000000000000000000000000000000000000489613533968362,0.0152213420481517,50
"612",9,"Summer",">50",0.000015087531151147,0.0000000000000000000000000000000000000000000000000000000000000000000000000000000000000000000000000000000000000000000000000000000000000000267564629382437,0.015087531151147,51
